name,s_price,o_price,rating,rating_count
Mi 5A 80 cm (32 inch) HD Ready LED Smart Android TV with Dolby Audio (2022 Model),"₹13,999",,,"3,23,119 Ratings & 30,714 Reviews"
Adsun Smart Series 60 cm (24 inch) HD Ready LED Smart Android Based TV,"₹6,649",,,"12,973 Ratings & 1,852 Reviews"
SAMSUNG 80 cm (32 Inch) HD Ready LED Smart Tizen TV with 2022 Model,"₹13,490",,,"69,833 Ratings & 6,204 Reviews"
Infinix Y1 80 cm (32 inch) HD Ready LED Smart Linux TV,"₹8,999",,,"8,263 Ratings & 1,239 Reviews"
LG 80 cm (32 inch) HD Ready LED Smart WebOS TV,"₹13,990",,,"48,103 Ratings & 4,310 Reviews"
OnePlus Y1S 108 cm (43 inch) Full HD LED Smart Android TV with Android 11 and Bezel-Less Frame,"₹24,999",,,"1,33,340 Ratings & 12,300 Reviews"
OnePlus Y1S 80 cm (32 inch) HD Ready LED Smart Android TV with Android 11 and Bezel-Less Frame,"₹15,999",,,"1,33,340 Ratings & 12,300 Reviews"
Adsun 60 cm (24 inch) HD Ready LED TV,"₹5,499",,,"12,973 Ratings & 1,852 Reviews"
SAMSUNG Crystal 4K Pro 108 cm (43 inch) Ultra HD (4K) LED Smart Tizen TV with Voice Search,"₹31,990",,,"14,075 Ratings & 1,510 Reviews"
MarQ by Flipkart 60 cm (24 inch) HD Ready LED TV,"₹5,499",,,"1,200 Ratings & 139 Reviews"
Adsun 80 cm (32 inch) HD Ready LED TV,"₹7,299",,,"12,973 Ratings & 1,852 Reviews"
Cellecor 80 cm (32 inch) Full HD LED Smart Android TV,"₹9,599",,,
realme NEO 80 cm (32 inch) HD Ready LED Smart Linux TV,"₹11,499",,,"33,625 Ratings & 2,946 Reviews"
Mi 5A 108 cm (43 inch) Full HD LED Smart Android TV with Dolby Audio (2022 Model),"₹24,999",,,"3,23,119 Ratings & 30,714 Reviews"
OnePlus Y1 100 cm (40 inch) Full HD LED Smart Android TV with Dolby Audio,"₹21,999",,,"1,33,340 Ratings & 12,300 Reviews"
SAMSUNG Crystal 4K 108 cm (43 inch) Ultra HD (4K) LED Smart Tizen TV,"₹30,990",,,"11,168 Ratings & 1,136 Reviews"
Adsun Frameless 80 cm (32 inch) HD Ready LED Smart Android Based TV,"₹8,399",,,"12,973 Ratings & 1,852 Reviews"
Cellecor 80 cm (32 inch) Full HD LED Smart Android TV,"₹10,999",,,
Mi 5A 100 cm (40 inch) Full HD LED Smart Android TV with Dolby Audio (2022 Model),"₹21,999",,,"3,23,119 Ratings & 30,714 Reviews"
Vu Premium 108 cm (43 inch) Ultra HD (4K) LED Smart Android TV,"₹24,999",,,"24,291 Ratings & 3,809 Reviews"
Cellecor 80 cm (32 inch) HD Ready LED TV,"₹8,399",,,
Dyanora Sigma 108 cm (43 inch) Full HD LED Smart Linux TV with 40 Watt Box Speakers & Bezel-Less Desig...,"₹14,499",,,51 Ratings & 7 Reviews
Thomson Alpha 80 cm (32 inch) HD Ready LED Smart Linux TV with 30 W Sound Output & Bezel-Less Design,"₹8,499",,,"6,155 Ratings & 1,112 Reviews"
Vu Premium TV 80 cm (32 inch) HD Ready LED Smart Linux TV with Bezel-Less Frame,"₹10,499",,,"7,275 Ratings & 802 Reviews"
,,,,
,,,,
Mi X Series 125 cm (50 inch) Ultra HD (4K) LED Smart Android TV with Dolby Vision & 30W Dolby Audio (2...,"₹34,999",,,"3,128 Ratings & 296 Reviews"
SAMSUNG 80 cm (32 inch) HD Ready LED Smart Tizen TV,"₹13,490",,,"69,833 Ratings & 6,204 Reviews"
Mi 5A 80 cm (32 inch) HD Ready LED Smart Android TV with Dolby Audio (2022 Model),"₹13,999",,,"3,23,119 Ratings & 30,714 Reviews"
Cellecor 80 cm (32 inch) Full HD LED Smart Android TV,"₹9,599",,,
realme 108 cm (43 inch) Full HD LED Smart Android TV,"₹22,499",,,"2,33,152 Ratings & 26,505 Reviews"
Mi 4A Horizon Edition 100 cm (40 inch) Full HD LED Smart Android TV with 20W Powerful Audio & Bezel-le...,"₹21,999",,,"37,243 Ratings & 3,271 Reviews"
Adsun 80 cm (32 inch) HD Ready LED Smart Android Based TV,"₹8,264",,,"12,973 Ratings & 1,852 Reviews"
Adsun Frameless 80 cm (32 inch) HD Ready LED Smart Android Based TV,"₹8,399",,,"12,973 Ratings & 1,852 Reviews"
realme 108 cm (43 inch) Ultra HD (4K) LED Smart Android TV with Handsfree Voice Search and Dolby Visio...,"₹27,499",,,"31,781 Ratings & 3,631 Reviews"
OnePlus U1S 139 cm (55 inch) Ultra HD (4K) LED Smart Android TV with Far field and Dolby Audio,"₹42,999",,,"13,341 Ratings & 1,403 Reviews"
Vu GloLED 139 cm (55 inch) Ultra HD (4K) LED Smart Google TV with DJ Subwoofer 104W,"₹38,999",,,"4,463 Ratings & 746 Reviews"
Thomson 9R PRO 108 cm (43 inch) Ultra HD (4K) LED Smart Android TV,"₹19,999",,,"13,915 Ratings & 3,261 Reviews"
Adsun Smart Series 60 cm (24 inch) HD Ready LED Smart Android Based TV,"₹6,649",,,"12,973 Ratings & 1,852 Reviews"
Cellecor 80 cm (32 inch) Full HD LED Smart Android TV,"₹10,999",,,
Mi 5X 108 cm (43 inch) Ultra HD (4K) LED Smart Android TV with Dolby Vision & 30W Dolby Atmos,"₹31,999",,,"48,601 Ratings & 4,447 Reviews"
MOTOROLA Revou 2 109 cm (43 inch) Ultra HD (4K) LED Smart Android TV with Sound by boAt and Dolby Visi...,"₹21,999",,,"1,568 Ratings & 229 Reviews"
Adsun 80 cm (32 inch) HD Ready LED TV,"₹7,299",,,"12,973 Ratings & 1,852 Reviews"
Adsun 60 cm (24 inch) HD Ready LED TV,"₹5,499",,,"12,973 Ratings & 1,852 Reviews"
iFFALCON by TCL K61 108 cm (43 inch) Ultra HD (4K) LED Smart Android TV,"₹18,499",,,"23,376 Ratings & 3,171 Reviews"
iFFALCON by TCL F53 79.97 cm (32 inch) HD Ready LED Smart Android TV with Android 11,"₹9,999",,,848 Ratings & 106 Reviews
MarQ by Flipkart Innoview 108 cm (43 inch) Ultra HD (4K) LED Smart Android TV,"₹18,999",,,"5,680 Ratings & 1,043 Reviews"
SAMSUNG Crystal 4K Neo Series 138 cm (55 inch) Ultra HD (4K) LED Smart Tizen TV with (Black) (2022 Mod...,"₹47,990",,,"14,075 Ratings & 1,510 Reviews"
Cellecor 80 cm (32 inch) HD Ready LED TV,"₹8,399",,,
Cellecor 80 cm (32 inch) Full HD LED Smart Android TV,"₹10,999",,,14 Ratings & 0 Reviews
,,,,
,,,,
KODAK 7XPRO Series 80 cm (32 inch) HD Ready LED Smart Android TV,"₹9,499",,,"36,023 Ratings & 7,918 Reviews"
MarQ By Flipkart 80 cm (32 inch) HD Ready LED TV,"₹8,999",,,"8,600 Ratings & 1,038 Reviews"
Mi 5A 80 cm (32 inch) HD Ready LED Smart Android TV with Dolby Audio (2022 Model),"₹13,999",,,"3,23,119 Ratings & 30,714 Reviews"
Adsun 80 cm (32 inch) HD Ready LED Smart Android Based TV,"₹8,264",,,"12,973 Ratings & 1,852 Reviews"
OnePlus U1S 164 cm (65 inch) Ultra HD (4K) LED Smart Android TV with Far field and Dolby Audio,"₹61,999",,,"13,341 Ratings & 1,403 Reviews"
Blaupunkt Cybersound 126 cm (50 inch) Ultra HD (4K) LED Smart Android TV with Dolby MS12 & 60W Speaker...,"₹26,999",,,"4,535 Ratings & 1,161 Reviews"
TOSHIBA V35KP 80 cm (32 inch) HD Ready LED Smart Android TV with DTS Virtual X (2022 Model),"₹11,490",,,"1,089 Ratings & 218 Reviews"
iFFALCON by TCL H72 139 cm (55 inch) QLED Ultra HD (4K) Smart Android TV Hands Free Voice Control & Wo...,"₹36,999",,,296 Ratings & 51 Reviews
Adsun Smart Series 60 cm (24 inch) HD Ready LED Smart Android Based TV,"₹6,649",,,"12,973 Ratings & 1,852 Reviews"
Adsun Frameless 80 cm (32 inch) HD Ready LED Smart Android Based TV,"₹8,399",,,"12,973 Ratings & 1,852 Reviews"
Hisense A6GE Series 108 cm (43 inch) Ultra HD (4K) LED Smart Android TV with Dolby Vision and Dolby At...,"₹24,990",,,"1,436 Ratings & 217 Reviews"
Vu GloLED 164 cm (65 inch) Ultra HD (4K) LED Smart Google TV with DJ Subwoofer 104W,"₹54,999",,,"4,463 Ratings & 746 Reviews"
Adsun 60 cm (24 inch) HD Ready LED TV,"₹5,499",,,"12,973 Ratings & 1,852 Reviews"
Cellecor 80 cm (32 inch) Full HD LED Smart Android TV,"₹9,599",,,
realme 80 cm (32 inch) Full HD LED Smart Android TV,"₹16,499",,,"9,323 Ratings & 1,251 Reviews"
SONY Bravia 125.7 cm (50 inch) Ultra HD (4K) LED Smart Google TV,"₹52,999",,,"2,417 Ratings & 486 Reviews"
Thomson R9 80 cm (32 inch) HD Ready LED TV,"₹7,499",,,"57,955 Ratings & 8,316 Reviews"
Mi 4A 100 cm (40 inch) Full HD LED Smart Android TV,"₹19,999",,,"3,23,119 Ratings & 30,714 Reviews"
Cellecor 80 cm (32 inch) Full HD LED Smart Android TV,"₹10,999",,,
Adsun 80 cm (32 inch) HD Ready LED TV,"₹7,299",,,"12,973 Ratings & 1,852 Reviews"
SAMSUNG 80 cm (32 inch) HD Ready LED Smart Tizen TV with Voice Search,"₹15,990",,,"8,483 Ratings & 905 Reviews"
Mi 5A Pro 80 cm (32 inch) HD Ready LED Smart Android TV with 24W Dolby Audio & 1.5GB RAM (2022 Model),"₹16,999",,,157 Ratings & 13 Reviews
Cellecor 80 cm (32 inch) HD Ready LED TV,"₹8,399",,,
Dyanora Sigma 108 cm (43 inch) Full HD LED Smart Linux TV with 40 Watt Box Speakers & Bezel-Less Desig...,"₹14,499",,,51 Ratings & 7 Reviews
,,,,
,,,,
Thomson 9R PRO 126 cm (50 inch) Ultra HD (4K) LED Smart Android TV,"₹24,999",,,"13,915 Ratings & 3,261 Reviews"
"Dyanora 60 cm (24 inch) HD Ready LED Smart Android Based TV with Noise Reduction, Android 9.0, Powerfu...","₹6,599",,,"3,616 Ratings & 468 Reviews"
Hyundai 126 cm (50 inch) Ultra HD (4K) LED Smart WebOS TV,"₹30,990",,,17 Ratings & 9 Reviews
BeethoSOL 109 cm (43 inch) Full HD LED Smart Android TV,"₹15,999",,,214 Ratings & 24 Reviews
Mi 5A 80 cm (32 inch) HD Ready LED Smart Android TV with Dolby Audio (2022 Model),"₹13,999",,,"3,23,119 Ratings & 30,714 Reviews"
Adsun 80 cm (32 inch) HD Ready LED Smart Android Based TV,"₹8,264",,,"12,973 Ratings & 1,852 Reviews"
LG 108 cm (43 inch) Full HD LED Smart WebOS TV,"₹28,990",,,"8,001 Ratings & 691 Reviews"
Coocaa 80 cm (32 inch) HD Ready LED Smart Coolita TV with Dolby Audio and Eye Care Technology,"₹8,999",,,"17,877 Ratings & 2,745 Reviews"
Adsun 60 cm (24 inch) HD Ready LED TV,"₹5,499",,,"12,973 Ratings & 1,852 Reviews"
Adsun Smart Series 60 cm (24 inch) HD Ready LED Smart Android Based TV,"₹6,649",,,"12,973 Ratings & 1,852 Reviews"
Thomson OATHPRO Series 139 cm (55 inch) Ultra HD (4K) LED Smart Android TV with Dolby Digital Plus & D...,"₹30,999",,,"27,799 Ratings & 7,242 Reviews"
Blaupunkt 126 cm (50 Inch) QLED Ultra HD (4K) Smart Google TV With Dolby Atmos & Far-Field Mic,"₹35,999",,,601 Ratings & 157 Reviews
SAMSUNG 108 cm (43 inch) Full HD LED Smart Tizen TV,"₹27,990",,,"4,523 Ratings & 488 Reviews"
TOSHIBA C350LP 108 cm (43 inch) Ultra HD (4K) LED Smart Google TV with Dolby Vision Atmos and REGZA En...,"₹26,990",,,150 Ratings & 36 Reviews
Adsun 80 cm (32 inch) HD Ready LED TV,"₹7,299",,,"12,973 Ratings & 1,852 Reviews"
Cellecor 80 cm (32 inch) Full HD LED Smart Android TV,"₹9,599",,,
Nokia 109 cm (43 inch) Full HD LED Smart Android TV,"₹23,999",,,"1,490 Ratings & 261 Reviews"
SAMSUNG Crystal 4K 125 cm (50 inch) Ultra HD (4K) LED Smart Tizen TV,"₹43,990",,,"11,168 Ratings & 1,136 Reviews"
Adsun Frameless 80 cm (32 inch) HD Ready LED Smart Android Based TV,"₹8,399",,,"12,973 Ratings & 1,852 Reviews"
Cellecor 80 cm (32 inch) Full HD LED Smart Android TV,"₹10,999",,,
Thomson 9R PRO 139 cm (55 inch) Ultra HD (4K) LED Smart Android TV,"₹28,999",,,"13,915 Ratings & 3,261 Reviews"
T-Series 80 cm (32 inch) HD Ready LED Smart Android TV,"₹10,990",,,4 Ratings & 0 Reviews
OnePlus U1S 126 cm (50 inch) Ultra HD (4K) LED Smart Android TV with Far field and Dolby Audio,"₹37,999",,,"13,341 Ratings & 1,403 Reviews"
Coocaa Frameless 108 cm (43 inch) Full HD LED Smart Google TV with HDR 14 Dolby Audio and Eye care tec...,"₹18,999",,,20 Ratings & 5 Reviews
,,,,
,,,,
Mi 5A 80 cm (32 inch) HD Ready LED Smart Android TV with Dolby Audio (2022 Model),"₹13,999",,,"3,23,119 Ratings & 30,714 Reviews"
Adsun Smart Series 60 cm (24 inch) HD Ready LED Smart Android Based TV,"₹6,649",,,"12,973 Ratings & 1,852 Reviews"
Dyanora Sigma 80 cm (32 inch) HD Ready LED Smart Linux TV with 30 Watt Box Speakers & Bezel-Less Desig...,"₹8,499",,,51 Ratings & 7 Reviews
LG 80 cm (32 inch) Full HD LED Smart WebOS TV,"₹18,299",,,4 Ratings & 1 Reviews
Adsun Frameless 80 cm (32 inch) HD Ready LED Smart Android Based TV,"₹8,399",,,"12,973 Ratings & 1,852 Reviews"
Adsun 60 cm (24 inch) HD Ready LED TV,"₹5,499",,,"12,973 Ratings & 1,852 Reviews"
SONY Bravia 108 cm (43 inch) Ultra HD (4K) LED Smart Google TV,"₹47,999",,,"2,417 Ratings & 486 Reviews"
KODAK 60 cm (24 inch) HD Ready LED TV,"₹5,999",,,"9,686 Ratings & 1,123 Reviews"
"Hisense 139 cm (55 inch) Ultra HD (4K) LED Smart Google TV with 102W JBL 6 Speakers, Dolby Vision and ...","₹42,990",,,34 Ratings & 8 Reviews
KODAK CA PRO 108 cm (43 inch) Ultra HD (4K) LED Smart Android TV with Dolby MS12 & Dolby Digital Plus,"₹22,999",,,"19,336 Ratings & 5,756 Reviews"
Cellecor 80 cm (32 inch) Full HD LED Smart Android TV,"₹9,599",,,
Adsun 80 cm (32 inch) HD Ready LED Smart Android Based TV,"₹8,264",,,"12,973 Ratings & 1,852 Reviews"
iFFALCON by TCL F52 108 cm (43 inch) Full HD LED Smart Android TV,"₹18,999",,,86 Ratings & 6 Reviews
KODAK CA Series 108 cm (43 inch) Ultra HD (4K) LED Smart Android TV with Dolby Digital Plus & DTS TruS...,"₹20,999",,,"19,336 Ratings & 5,756 Reviews"
Cellecor 80 cm (32 inch) Full HD LED Smart Android TV,"₹10,999",,,
Adsun 80 cm (32 inch) HD Ready LED TV,"₹7,299",,,"12,973 Ratings & 1,852 Reviews"
HUIDI 80 cm (32 inch) HD Ready LED TV with Bezel Less Display,"₹6,799",,,"6,052 Ratings & 702 Reviews"
TCL S6500 Series 108 cm (43 inch) Full HD LED Smart Android TV,"₹19,990",,,"1,646 Ratings & 160 Reviews"
LG 139.7 cm (55 inch) Ultra HD (4K) LED Smart TV,"₹52,080",,,9 Ratings & 4 Reviews
Hisense E4G Series 80 cm (32 inch) HD Ready LED Smart Android TV with DTS Virtual X,"₹11,999",,,727 Ratings & 132 Reviews
Cellecor 80 cm (32 inch) HD Ready LED TV,"₹8,399",,,
Dyanora Sigma 108 cm (43 inch) Full HD LED Smart Linux TV with 40 Watt Box Speakers & Bezel-Less Desig...,"₹14,499",,,51 Ratings & 7 Reviews
SAMSUNG 109 cm (43 inch) Full HD LED Smart Tizen TV,"₹27,850",,,
TOSHIBA M550LP Series 139 cm (55 inch) QLED Ultra HD (4K) Smart Google TV With Bass Woofer and REGZA E...,"₹46,990",,,176 Ratings & 40 Reviews
,,,,
,,,,
Adsun 80 cm (32 inch) HD Ready LED TV,"₹7,299",,,"12,973 Ratings & 1,852 Reviews"
Adsun 60 cm (24 inch) HD Ready LED TV,"₹5,499",,,"12,973 Ratings & 1,852 Reviews"
LG OLED A1 Series 139 cm (55 inch) OLED Ultra HD (4K) Smart WebOS TV,"₹99,999",,,165 Ratings & 32 Reviews
Compaq 108 cm (43 inch) Full HD LED Smart Android TV,"₹20,999",,,328 Ratings & 71 Reviews
Blaupunkt Cybersound 108 cm (43 inch) Ultra HD (4K) LED Smart Android TV with Dolby MS12 & 50W Speaker...,"₹24,999",,,"4,535 Ratings & 1,161 Reviews"
MOTOROLA ZX3 108 cm (43 inch) Ultra HD (4K) LED Smart Android TV with Dolby Atmos and Dolby Vision,"₹31,999",,,"1,553 Ratings & 258 Reviews"
Adsun Frameless 80 cm (32 inch) HD Ready LED Smart Android Based TV,"₹8,399",,,"12,973 Ratings & 1,852 Reviews"
Mi 5A 80 cm (32 inch) HD Ready LED Smart Android TV with Dolby Audio (2022 Model),"₹13,999",,,"3,23,119 Ratings & 30,714 Reviews"
iFFALCON by TCL 79.97 cm (32 inch) HD Ready LED TV,"₹7,999",,,"1,462 Ratings & 143 Reviews"
TCL S5205 79.97 cm (32 inch) HD Ready LED Smart Android TV,"₹13,490",,,37 Ratings & 7 Reviews
Adsun 80 cm (32 inch) HD Ready LED Smart Android Based TV,"₹8,264",,,"12,973 Ratings & 1,852 Reviews"
Adsun Smart Series 60 cm (24 inch) HD Ready LED Smart Android Based TV,"₹6,649",,,"12,973 Ratings & 1,852 Reviews"
Coocaa 106 cm (42 inch) Full HD LED Smart Android TV with HDR 10 and Dolby Audio,"₹17,999",,,968 Ratings & 184 Reviews
SONY BRAVIA 80 cm (32 inch) HD Ready LED Smart Linux based TV,"₹23,999",,,"4,458 Ratings & 758 Reviews"
KODAK X900 80 cm (32 inch) HD Ready LED TV,"₹7,499",,,"15,107 Ratings & 2,377 Reviews"
Coocaa 100 cm (40 inch) Full HD LED Smart Coolita TV with Dolby Audio and Eye Care Technology,"₹15,999",,,"17,877 Ratings & 2,745 Reviews"
"Dyanora 80 cm (32 inch) HD Ready LED TV with Noise Reduction, Cinema Zoom, Powerful Audio Box Speakers","₹7,399",,,"3,616 Ratings & 468 Reviews"
Cellecor 80 cm (32 inch) Full HD LED Smart Android TV,"₹10,999",,,
TCL P715 108 cm (43 inch) Ultra HD (4K) LED Smart Android TV with Full Screen & Handsfree Voice Contro...,"₹25,990",,,"1,027 Ratings & 109 Reviews"
Nokia 109 cm (43 inch) Ultra HD (4K) LED Smart Android TV with Dolby Atmos and Dolby Vision,"₹27,999",,,"1,322 Ratings & 177 Reviews"
"Dyanora 60 cm (24 inch) HD Ready LED Smart Android Based TV with Noise Reduction, Android 9.0, Powerfu...","₹6,599",,,"3,616 Ratings & 468 Reviews"
Cellecor 80 cm (32 inch) Full HD LED Smart Android TV,"₹9,599",,,
Blaupunkt Cyber Sound 164 cm (65 inch) Ultra HD (4K) LED Smart Android TV with Dolby Atmos & Dolby Vis...,"₹49,999",,,"4,535 Ratings & 1,161 Reviews"
SAMSUNG 80 cm (32 inch) HD Ready LED Linux based TV,"₹13,390",,,98 Ratings & 3 Reviews
,,,,
,,,,
Hyundai 60 cm (24 inch) HD Ready LED TV,"₹8,999",,,16 Ratings & 3 Reviews
SONY 108 cm (43 Inch) Ultra HD (4K) LCD Smart Google TV,"₹64,900",,,
Mi 5A 80 cm (32 inch) HD Ready LED Smart Android TV with Dolby Audio (2022 Model),"₹13,999",,,"3,23,119 Ratings & 30,714 Reviews"
Adsun 80 cm (32 inch) HD Ready LED Smart Android Based TV,"₹8,264",,,"12,973 Ratings & 1,852 Reviews"
Coocaa Frameless 164 cm (65 inch) Ultra HD (4K) LED Smart Google TV with HDR 12 Dolby Audio and Eye ca...,"₹53,999",,,39 Ratings & 8 Reviews
Hisense U6G Series 164 cm (65 inch) QLED Ultra HD (4K) Smart Android TV Full Array Local Dimming,"₹71,990",,,514 Ratings & 94 Reviews
Adsun 80 cm (32 inch) HD Ready LED TV,"₹7,299",,,"12,973 Ratings & 1,852 Reviews"
Adsun 60 cm (24 inch) HD Ready LED TV,"₹5,499",,,"12,973 Ratings & 1,852 Reviews"
Blaupunkt Cyber Sound 164 cm (65 inch) Ultra HD (4K) LED Smart Android TV with Dolby Atmos & Dolby Vis...,"₹49,999",,,"4,535 Ratings & 1,161 Reviews"
SAMSUNG 108 cm (43 inch) Full HD LED Smart Tizen TV,"₹30,990",,,4 Ratings & 0 Reviews
SAMSUNG 80 cm (32 inch) HD Ready LED TV,"₹13,990",,,"7,116 Ratings & 679 Reviews"
Nokia 140 cm (55 inch) Ultra HD 4K QLED Smart Android TV with Sound by JBL and Powered by Harman Audio...,"₹54,999",,,"2,439 Ratings & 402 Reviews"
Cellecor 80 cm (32 inch) Full HD LED Smart Android TV,"₹9,599",,,
Adsun Smart Series 60 cm (24 inch) HD Ready LED Smart Android Based TV,"₹6,649",,,"12,973 Ratings & 1,852 Reviews"
LG All-in-One 80 cm (32 inch) HD Ready LED Smart WebOS TV,"₹17,190",,,"20,557 Ratings & 2,295 Reviews"
KODAK 164 cm (65 inch) QLED Ultra HD (4K) Smart Google TV With Dolby Atmos & Dolby Vision,"₹59,999",,,338 Ratings & 82 Reviews
Adsun Frameless 80 cm (32 inch) HD Ready LED Smart Android Based TV,"₹8,399",,,"12,973 Ratings & 1,852 Reviews"
Cellecor 80 cm (32 inch) Full HD LED Smart Android TV,"₹10,999",,,
SAMSUNG The Serif Series 123 cm (49 inch) QLED Ultra HD (4K) Smart Tizen TV,"₹63,741",,,40 Ratings & 3 Reviews
Infinix Zero 138 cm (55 inch) QLED Ultra HD (4K) Smart Android TV,"₹39,999",,,109 Ratings & 32 Reviews
SAMSUNG 7 125 cm (50 inch) Ultra HD (4K) LED Smart Tizen TV,"₹46,650",,,5 Ratings & 0 Reviews
Mi 4A Horizon Edition 108 cm (43 inch) Full HD LED Smart Android TV,"₹24,999",,,"37,243 Ratings & 3,271 Reviews"
Dyanora Sigma 108 cm (43 inch) Full HD LED Smart Linux TV with 40 Watt Box Speakers & Bezel-Less Desig...,"₹14,499",,,51 Ratings & 7 Reviews
BeethoSOL 80 cm (32 inch) HD Ready LED Smart Android TV,"₹7,999",,,214 Ratings & 24 Reviews
,,,,
,,,,
Coocaa Frameless 80 cm (32 inch) HD Ready LED Smart Google TV with HDR 13 Dolby Audio and Eye care tec...,"₹11,999",,,20 Ratings & 5 Reviews
Sansui 140 cm (55 inch) Ultra HD (4K) LED Smart Android TV with Dolby Audio and DTS (Mystique Black) (...,"₹33,569",,,449 Ratings & 76 Reviews
Mi 5A 80 cm (32 inch) HD Ready LED Smart Android TV with Dolby Audio (2022 Model),"₹13,999",,,"3,23,119 Ratings & 30,714 Reviews"
Adsun 80 cm (32 inch) HD Ready LED Smart Android Based TV,"₹8,264",,,"12,973 Ratings & 1,852 Reviews"
KODAK 7XPRO Series 106 cm (42 inch) Full HD LED Smart Android TV,"₹16,999",,,"36,023 Ratings & 7,918 Reviews"
LG UQ8020 164 cm (65 inch) Ultra HD (4K) LED Smart WebOS TV 2022 Edition,"₹77,990",,,"1,685 Ratings & 241 Reviews"
LG Nanocell 108 cm (43 inch) Ultra HD (4K) LED Smart WebOS TV 2022 Edition,"₹39,990",,,587 Ratings & 85 Reviews
KODAK 7XPro 126 cm (50 inch) Ultra HD (4K) LED Smart Android TV with 40W Sound Output & Bezel-Less Des...,"₹24,999",,,"6,056 Ratings & 1,380 Reviews"
Adsun 80 cm (32 inch) HD Ready LED TV,"₹7,299",,,"12,973 Ratings & 1,852 Reviews"
Adsun 60 cm (24 inch) HD Ready LED TV,"₹5,499",,,"12,973 Ratings & 1,852 Reviews"
MOTOROLA Revou 2 127 cm (50 inch) Ultra HD (4K) LED Smart Android TV with Dolby Atmos and Dolby Vision,"₹33,999",,,"1,304 Ratings & 186 Reviews"
iFFALCON by TCL F53 100 cm (40 inch) Full HD LED Smart Android TV with Android 11,"₹16,999",,,848 Ratings & 106 Reviews
Cellecor 80 cm (32 inch) Full HD LED Smart Android TV,"₹9,599",,,
Adsun Frameless 80 cm (32 inch) HD Ready LED Smart Android Based TV,"₹8,399",,,"12,973 Ratings & 1,852 Reviews"
Mi 4A Horizon Edition 80 cm (32 inch) HD Ready LED Smart Android TV with 20W Powerful Audio & Bezel-le...,"₹16,499",,,"37,243 Ratings & 3,271 Reviews"
SONY Bravia 80 cm (32 inch) HD Ready LED Smart Google TV,"₹26,990",,,30 Ratings & 3 Reviews
SAMSUNG 80 cm (32 Inch) HD Ready LED Smart Tizen TV,"₹21,850",,,
SAMSUNG Crystal 4K Pro 138 cm (55 inch) Ultra HD (4K) LED Smart Tizen TV with Voice Search,"₹47,990",,,"14,075 Ratings & 1,510 Reviews"
Adsun Smart Series 60 cm (24 inch) HD Ready LED Smart Android Based TV,"₹6,649",,,"12,973 Ratings & 1,852 Reviews"
Cellecor 80 cm (32 inch) Full HD LED Smart Android TV,"₹10,999",,,
"Coocaa 109 cm (43 inch) Ultra HD (4K) LED Smart Android TV with Google Assistant, HDR 10 and Dolby Aud...","₹22,999",,,"2,811 Ratings & 630 Reviews"
KODAK 126 cm (50 inch) QLED Ultra HD (4K) Smart Google TV With Dolby Atmos & Dolby Vision,"₹33,999",,,338 Ratings & 82 Reviews
Cellecor 80 cm (32 inch) HD Ready LED TV,"₹8,399",,,
Dyanora Sigma 108 cm (43 inch) Full HD LED Smart Linux TV with 40 Watt Box Speakers & Bezel-Less Desig...,"₹14,499",,,51 Ratings & 7 Reviews
,,,,
,,,,
TCL C825 164 cm (65 inch) QLED Ultra HD (4K) Smart Android TV (Graphite Grey) (2021 Model) | Mini LED ...,"₹1,09,999",,,13 Ratings & 1 Reviews
PHILIPS 6900 80 cm (32 inch) HD Ready LED Smart Android TV 2021 Edition,"₹16,990",,,14 Ratings & 3 Reviews
iFFALCON by TCL U62 164 cm (65 inch) Ultra HD (4K) LED Smart Google TV,"₹52,999",,,122 Ratings & 19 Reviews
"Hisense A73F 139 cm (55 inch) Ultra HD (4K) LED Smart Android TV with 102W JBL 6 Speakers, Dolby Visio...","₹43,999",,,"2,341 Ratings & 465 Reviews"
Mi 5A 80 cm (32 inch) HD Ready LED Smart Android TV with Dolby Audio (2022 Model),"₹13,999",,,"3,23,119 Ratings & 30,714 Reviews"
Adsun 80 cm (32 inch) HD Ready LED Smart Android Based TV,"₹8,264",,,"12,973 Ratings & 1,852 Reviews"
Mi Q1 138.8 cm (55 inch) QLED Ultra HD (4K) Smart Android TV Dolby Vision & 30W Dolby Audio,"₹59,999",,,"4,985 Ratings & 654 Reviews"
Lloyd 109 cm (43 inch) Ultra HD (4K) LED Smart Android TV,"₹33,490",,,
Adsun 80 cm (32 inch) HD Ready LED TV,"₹7,299",,,"12,973 Ratings & 1,852 Reviews"
Cellecor 80 cm (32 inch) Full HD LED Smart Android TV,"₹9,599",,,
SAMSUNG The Frame 138 cm (55 inch) QLED Ultra HD (4K) Smart Tizen TV,"₹91,990",,,"1,351 Ratings & 179 Reviews"
Coocaa 80 cm (32 inch) HD Ready LED Smart Android TV with HDR 10 Dolby Audio and Eye Care Technology,"₹10,499",,,607 Ratings & 140 Reviews
Hyundai 98 cm (39 inch) HD Ready LED Smart Android Based TV,"₹19,490",,,4 Ratings & 1 Reviews
Thomson 164 cm (65 inch) QLED Ultra HD (4K) Smart Google TV With Dolby Vision & Dolby Atmos,"₹84,999",,,"1,030 Ratings & 295 Reviews"
Adsun Frameless 80 cm (32 inch) HD Ready LED Smart Android Based TV,"₹8,399",,,"12,973 Ratings & 1,852 Reviews"
Adsun Smart Series 60 cm (24 inch) HD Ready LED Smart Android Based TV,"₹6,649",,,"12,973 Ratings & 1,852 Reviews"
SONY Bravia 126 cm (50 inch) Ultra HD (4K) LED Smart Google TV,"₹73,625",,,339 Ratings & 78 Reviews
LG 164 cm (65 inch) OLED Ultra HD (4K) Smart WebOS TV,"₹2,49,999",,,4 Ratings & 1 Reviews
Cellecor 80 cm (32 inch) Full HD LED Smart Android TV,"₹10,999",,,
Adsun 60 cm (24 inch) HD Ready LED TV,"₹5,499",,,"12,973 Ratings & 1,852 Reviews"
LG 164 cm (65 inch) OLED Ultra HD (4K) Smart TV,"₹1,95,999",,,
SAMSUNG The Frame 108 cm (43 inch) QLED Ultra HD (4K) Smart Tizen TV,"₹61,990",,,"1,351 Ratings & 179 Reviews"
Nokia 81 cm (32 inch) HD Ready LED Smart Android TV with Sound by Onkyo and Dolby Atmos,"₹19,999",,,"17,833 Ratings & 3,097 Reviews"
SAMSUNG 4 80 cm (32 inch) HD Ready LED Smart Tizen TV,"₹18,490",,,21 Ratings & 3 Reviews
,,,,
Mi 5A 80 cm (32 inch) HD Ready LED Smart Android TV with Dolby Audio (2022 Model),"₹13,999",,,"3,23,119 Ratings & 30,714 Reviews"
Adsun Smart Series 60 cm (24 inch) HD Ready LED Smart Android Based TV,"₹6,649",,,"12,973 Ratings & 1,852 Reviews"
Vu QLED Premium TV 190 cm (75 inch) Ultra HD (4K) LED Smart Android TV,"₹99,999",,,95 Ratings & 11 Reviews
Nokia 102 cm (40 inch) Full HD LED Smart Android TV,"₹21,999",,,"1,490 Ratings & 261 Reviews"
Adsun 80 cm (32 inch) HD Ready LED Smart Android Based TV,"₹8,264",,,"12,973 Ratings & 1,852 Reviews"
Adsun 60 cm (24 inch) HD Ready LED TV,"₹5,499",,,"12,973 Ratings & 1,852 Reviews"
Vu Premium 108 cm (43 inch) Full HD LED Smart Android TV,"₹18,999",,,"34,994 Ratings & 4,773 Reviews"
Nokia 127 cm (50 inch) Ultra HD 4K LED Smart Android TV with Sound by Onkyo and Dolby Atmos,"₹42,999",,,"2,186 Ratings & 353 Reviews"
LG 139 cm (55 inch) OLED Ultra HD (4K) Smart WebOS TV,"₹1,04,990",,,165 Ratings & 32 Reviews
SONY 139 cm (55 inch) OLED Ultra HD (4K) Smart Google TV,"₹1,58,900",,,
Cellecor 80 cm (32 inch) Full HD LED Smart Android TV,"₹9,599",,,
Adsun Frameless 80 cm (32 inch) HD Ready LED Smart Android Based TV,"₹8,399",,,"12,973 Ratings & 1,852 Reviews"
MOTOROLA Revou 2 109 cm (43 inch) Ultra HD (4K) LED Smart Android TV with Dolby Atmos and Dolby Vision,"₹31,999",,,"1,304 Ratings & 186 Reviews"
MOTOROLA Revou-Q 127 cm (50 inch) QLED Ultra HD (4K) Smart Android TV with Wireless Gamepad,"₹47,999",,,"1,657 Ratings & 267 Reviews"
Cellecor 80 cm (32 inch) Full HD LED Smart Android TV,"₹10,999",,,
Adsun 80 cm (32 inch) HD Ready LED TV,"₹7,299",,,"12,973 Ratings & 1,852 Reviews"
PHILIPS 8100 126 cm (50 inch) Ultra HD (4K) LED Smart Android TV,"₹44,900",,,
SAMSUNG 108 cm (43 inch) Full HD LED Smart Tizen TV,"₹33,990",,,29 Ratings & 3 Reviews
LG UQ7500 108 cm (43 inch) Ultra HD (4K) LED Smart WebOS TV 2022 Edition,"₹37,990",,,"10,590 Ratings & 1,301 Reviews"
Thomson OATHPRO Series 108 cm (43 inch) Ultra HD (4K) LED Smart Android TV with Dolby Digital Plus & D...,"₹26,999",,,"27,799 Ratings & 7,242 Reviews"
Cellecor 80 cm (32 inch) HD Ready LED TV,"₹8,399",,,
Dyanora Sigma 108 cm (43 inch) Full HD LED Smart Linux TV with 40 Watt Box Speakers & Bezel-Less Desig...,"₹14,499",,,51 Ratings & 7 Reviews
SONY X75K 125.7 cm (50 inch) Ultra HD (4K) LED Smart Google TV with Google TV,"₹56,750",,,18 Ratings & 3 Reviews
Compaq 80 cm (32 inch) HD Ready LED Smart Android TV,"₹13,999",,,328 Ratings & 71 Reviews
,,,,
,,,,
Mi 5A 80 cm (32 inch) HD Ready LED Smart Android TV with Dolby Audio (2022 Model),"₹13,999",,,"3,23,119 Ratings & 30,714 Reviews"
Adsun 80 cm (32 inch) HD Ready LED Smart Android Based TV,"₹8,264",,,"12,973 Ratings & 1,852 Reviews"
BeethoSOL 60 cm (24 inch) HD Ready LED TV,"₹5,699",,,214 Ratings & 24 Reviews
Infinix X3 80 cm (32 inch) HD Ready LED Smart Android TV,"₹13,499",,,"2,276 Ratings & 387 Reviews"
LG 109.22 cm (43 inch) Ultra HD (4K) LED Smart TV,"₹37,390",,,34 Ratings & 6 Reviews
Hyundai 80 cm (32 inch) HD Ready LED Smart Android Based TV,"₹11,990",,,152 Ratings & 30 Reviews
Adsun Frameless 80 cm (32 inch) HD Ready LED Smart Android Based TV,"₹8,399",,,"12,973 Ratings & 1,852 Reviews"
Cellecor 80 cm (32 inch) Full HD LED Smart Android TV,"₹9,599",,,
Hisense A71F Series 177 cm (70 inch) Ultra HD (4K) LED Smart Android TV with Dolby Vision and Dolby At...,"₹74,990",,,71 Ratings & 12 Reviews
Nokia 80 cm (32 inch) HD Ready LED Smart Android TV,"₹15,999",,,"1,490 Ratings & 261 Reviews"
Adsun Smart Series 60 cm (24 inch) HD Ready LED Smart Android Based TV,"₹6,649",,,"12,973 Ratings & 1,852 Reviews"
Cellecor 80 cm (32 inch) Full HD LED Smart Android TV,"₹10,999",,,
LG 139 cm (55 inch) OLED Ultra HD (4K) Smart WebOS TV,"₹1,36,990",,,
acer Frameless 80 cm (32 inch) HD Ready LED Smart Android TV with Dolby Audio,"₹13,999",,,"6,721 Ratings & 1,131 Reviews"
LG UQ8020 108 cm (43 inch) Ultra HD (4K) LED Smart WebOS TV 2022 Edition,"₹38,990",,,"1,685 Ratings & 241 Reviews"
Nokia 109 cm (43 inch) Full HD LED Smart Android TV with Sound by JBL and Powered by Harman AudioEFX,"₹29,999",,,"5,907 Ratings & 1,053 Reviews"
Adsun 60 cm (24 inch) HD Ready LED TV,"₹5,499",,,"12,973 Ratings & 1,852 Reviews"
Cellecor 80 cm (32 inch) HD Ready LED TV,"₹8,399",,,
Mi 4C 80 cm (32 inch) HD Ready LED Smart Android TV,"₹16,499",,,"6,246 Ratings & 470 Reviews"
Sansui 80 cm (32 inch) HD Ready LED Smart Android TV with Android 11 (Midnight Black) (2021 Model),"₹13,999",,,"1,061 Ratings & 115 Reviews"
Adsun 80 cm (32 inch) HD Ready LED TV,"₹7,299",,,"12,973 Ratings & 1,852 Reviews"
Dyanora Sigma 108 cm (43 inch) Full HD LED Smart Linux TV with 40 Watt Box Speakers & Bezel-Less Desig...,"₹14,499",,,51 Ratings & 7 Reviews
SONY 189 cm (75 inch) Ultra HD (4K) LED Smart Android TV,"₹2,69,990",,,
LG 80 cm (32 inch) HD Ready LED Smart TV,"₹22,499",,,71 Ratings & 9 Reviews
,,,,
,,,,
MOTOROLA Revou 2 80 cm (32 inch) HD Ready LED Smart Android TV,"₹14,499",,,"1,514 Ratings & 232 Reviews"
LG 121 cm (48 inch) OLED Ultra HD (4K) Smart WebOS TV,"₹79,990",,,165 Ratings & 32 Reviews
Mi 5A 80 cm (32 inch) HD Ready LED Smart Android TV with Dolby Audio (2022 Model),"₹13,999",,,"3,23,119 Ratings & 30,714 Reviews"
Adsun Smart Series 60 cm (24 inch) HD Ready LED Smart Android Based TV,"₹6,649",,,"12,973 Ratings & 1,852 Reviews"
Vu cinema TV 108 cm (43 inch) Ultra HD (4K) LED Smart Android TV,"₹29,999",,,575 Ratings & 69 Reviews
PHILIPS 7600 Series 126 cm (50 inch) Ultra HD (4K) LED Smart Linux based TV,"₹36,999",,,256 Ratings & 29 Reviews
Adsun Frameless 80 cm (32 inch) HD Ready LED Smart Android Based TV,"₹8,399",,,"12,973 Ratings & 1,852 Reviews"
Cellecor 80 cm (32 inch) Full HD LED Smart Android TV,"₹9,599",,,
LG 164 cm (65 inch) OLED Ultra HD (4K) Smart WebOS TV,"₹2,49,999",,,4 Ratings & 1 Reviews
SAMSUNG The Frame 108 cm (43 inch) QLED Ultra HD (4K) Smart Tizen TV,"₹61,990",,,"1,351 Ratings & 179 Reviews"
Nokia 81 cm (32 inch) HD Ready LED Smart Android TV with Sound by Onkyo and Dolby Atmos,"₹19,999",,,"17,833 Ratings & 3,097 Reviews"
SAMSUNG 4 80 cm (32 inch) HD Ready LED Smart Tizen TV,"₹18,490",,,21 Ratings & 3 Reviews
Adsun 80 cm (32 inch) HD Ready LED Smart Android Based TV,"₹8,264",,,"12,973 Ratings & 1,852 Reviews"
Cellecor 80 cm (32 inch) Full HD LED Smart Android TV,"₹10,999",,,
LG 164 cm (65 inch) OLED Ultra HD (4K) Smart TV,"₹1,95,999",,,
SAMSUNG The Frame 138 cm (55 inch) QLED Ultra HD (4K) Smart Tizen TV,"₹91,990",,,"1,351 Ratings & 179 Reviews"
Adsun 80 cm (32 inch) HD Ready LED TV,"₹7,299",,,"12,973 Ratings & 1,852 Reviews"
Adsun 60 cm (24 inch) HD Ready LED TV,"₹5,499",,,"12,973 Ratings & 1,852 Reviews"
Thomson 164 cm (65 inch) QLED Ultra HD (4K) Smart Google TV With Dolby Vision & Dolby Atmos,"₹84,999",,,"1,030 Ratings & 295 Reviews"
Coocaa 80 cm (32 inch) HD Ready LED Smart Android TV with HDR 10 Dolby Audio and Eye Care Technology,"₹10,499",,,607 Ratings & 140 Reviews
Lloyd 109 cm (43 inch) Ultra HD (4K) LED Smart Android TV,"₹33,490",,,
Hyundai 98 cm (39 inch) HD Ready LED Smart Android Based TV,"₹19,490",,,4 Ratings & 1 Reviews
Cellecor 80 cm (32 inch) HD Ready LED TV,"₹8,399",,,
Dyanora Sigma 108 cm (43 inch) Full HD LED Smart Linux TV with 40 Watt Box Speakers & Bezel-Less Desig...,"₹14,499",,,51 Ratings & 7 Reviews
,,,,
,,,,
Nokia 102 cm (40 inch) Full HD LED Smart Android TV,"₹21,999",,,"1,490 Ratings & 261 Reviews"
Vu Premium 108 cm (43 inch) Full HD LED Smart Android TV,"₹18,999",,,"34,994 Ratings & 4,773 Reviews"
Adsun 80 cm (32 inch) HD Ready LED TV,"₹7,299",,,"12,973 Ratings & 1,852 Reviews"
Adsun Smart Series 60 cm (24 inch) HD Ready LED Smart Android Based TV,"₹6,649",,,"12,973 Ratings & 1,852 Reviews"
Nokia 127 cm (50 inch) Ultra HD 4K LED Smart Android TV with Sound by Onkyo and Dolby Atmos,"₹42,999",,,"2,186 Ratings & 353 Reviews"
SAMSUNG 138 cm (55 inch) Ultra HD (4K) LED Smart Tizen TV,"₹59,190",,,
Compaq 80 cm (32 inch) HD Ready LED Smart Android TV,"₹13,999",,,328 Ratings & 71 Reviews
MOTOROLA Revou 139 cm (55 inch) Ultra HD (4K) LED Smart Android TV with Dolby Atmos and Dolby Vision,"₹46,999",,,"1,062 Ratings & 157 Reviews"
Adsun Frameless 80 cm (32 inch) HD Ready LED Smart Android Based TV,"₹8,399",,,"12,973 Ratings & 1,852 Reviews"
Mi 5A 80 cm (32 inch) HD Ready LED Smart Android TV with Dolby Audio (2022 Model),"₹13,999",,,"3,23,119 Ratings & 30,714 Reviews"
TOSHIBA M550LP Series 164 cm (65 inch) QLED Ultra HD (4K) Smart Google TV With Bass Woofer and REGZA E...,"₹76,990",,,176 Ratings & 40 Reviews
LG All-in-One 108 cm (43 inch) Full HD LED Smart WebOS TV,"₹32,999",,,"5,237 Ratings & 586 Reviews"
Adsun 80 cm (32 inch) HD Ready LED Smart Android Based TV,"₹8,264",,,"12,973 Ratings & 1,852 Reviews"
Adsun 60 cm (24 inch) HD Ready LED TV,"₹5,499",,,"12,973 Ratings & 1,852 Reviews"
SAMSUNG The Frame 2021 Series 138 cm (55 inch) QLED Ultra HD (4K) Smart Tizen TV,"₹75,990",,,"1,351 Ratings & 179 Reviews"
PHILIPS 8100 126 cm (50 inch) Ultra HD (4K) LED Smart Android TV,"₹44,900",,,
SAMSUNG 108 cm (43 inch) Full HD LED Smart Tizen TV,"₹33,990",,,29 Ratings & 3 Reviews
LG UQ7500 108 cm (43 inch) Ultra HD (4K) LED Smart WebOS TV 2022 Edition,"₹37,990",,,"10,590 Ratings & 1,301 Reviews"
"Dyanora 80 cm (32 inch) HD Ready LED TV with Noise Reduction, Cinema Zoom, Powerful Audio Box Speakers","₹7,399",,,"3,616 Ratings & 468 Reviews"
"Dyanora 60 cm (24 inch) HD Ready LED Smart Android Based TV with Noise Reduction, Android 9.0, Powerfu...","₹6,599",,,"3,616 Ratings & 468 Reviews"
Thomson OATHPRO Series 108 cm (43 inch) Ultra HD (4K) LED Smart Android TV with Dolby Digital Plus & D...,"₹26,999",,,"27,799 Ratings & 7,242 Reviews"
LG 139 cm (55 inch) OLED Ultra HD (4K) Smart WebOS TV,"₹1,04,990",,,165 Ratings & 32 Reviews
Cellecor 80 cm (32 inch) Full HD LED Smart Android TV,"₹10,999",,,
Cellecor 80 cm (32 inch) Full HD LED Smart Android TV,"₹9,599",,,
,,,,
,,,,
PHILIPS 7600 Series 146 cm (58 inch) Ultra HD (4K) LED Smart Linux based TV,"₹43,999",,,256 Ratings & 29 Reviews
Coocaa Frameless 108 cm (43 inch) Ultra HD (4K) LED Smart Google TV with HDR 10 Dolby Audio and Eye ca...,"₹26,999",,,39 Ratings & 8 Reviews
SONY 126 cm (50 Inch) Ultra HD (4K) LCD Smart Google TV,"₹75,900",,,
LG 139 cm (55 inch) Ultra HD (4K) LED Smart WebOS TV,"₹1,24,999",,,59 Ratings & 13 Reviews
Mi 5A 80 cm (32 inch) HD Ready LED Smart Android TV with Dolby Audio (2022 Model),"₹13,999",,,"3,23,119 Ratings & 30,714 Reviews"
Adsun 80 cm (32 inch) HD Ready LED Smart Android Based TV,"₹8,264",,,"12,973 Ratings & 1,852 Reviews"
SONY 164 cm (65 inch) OLED Ultra HD (4K) Smart Google TV,"₹2,29,990",,,
LG 139 cm (55 inch) Ultra HD (4K) LED Smart WebOS TV,"₹62,990",,,
Adsun 80 cm (32 inch) HD Ready LED TV,"₹7,299",,,"12,973 Ratings & 1,852 Reviews"
Adsun 60 cm (24 inch) HD Ready LED TV,"₹5,499",,,"12,973 Ratings & 1,852 Reviews"
SONY Bravia 108 cm (43 inch) Full HD LED Smart Android TV,"₹46,799",,,76 Ratings & 20 Reviews
MOTOROLA Revou 127 cm (50 inch) Ultra HD (4K) LED Smart Android TV with Dolby Atmos and Dolby Vision,"₹39,999",,,"1,062 Ratings & 157 Reviews"
SAMSUNG 7 163 cm (65 inch) Ultra HD (4K) LED Smart Tizen TV,"₹79,840",,,
TCL P725 139 cm (55 inch) Ultra HD (4K) LED Smart Android TV,"₹36,900",,,76 Ratings & 4 Reviews
Cellecor 80 cm (32 inch) Full HD LED Smart Android TV,"₹9,599",,,
Adsun Frameless 80 cm (32 inch) HD Ready LED Smart Android Based TV,"₹8,399",,,"12,973 Ratings & 1,852 Reviews"
Sansui 109 cm (43 inch) Full HD LED Smart Android TV with Voice Search Smart Remote (Midnight Black) (...,"₹21,990",,,141 Ratings & 19 Reviews
LG UQ7500 164 cm (65 inch) Ultra HD (4K) LED Smart WebOS TV 2022 Edition,"₹72,990",,,"10,590 Ratings & 1,301 Reviews"
Adsun Smart Series 60 cm (24 inch) HD Ready LED Smart Android Based TV,"₹6,649",,,"12,973 Ratings & 1,852 Reviews"
Cellecor 80 cm (32 inch) Full HD LED Smart Android TV,"₹10,999",,,
ONIDA Fire Edition 80 cm (32 inch) HD Ready LED Smart FireTv OS 6 TV 2021 Edition,"₹15,699",,,
KODAK 7X Pro 139 cm (55 inch) Ultra HD (4K) LED Smart Android TV,"₹32,999",,,"6,056 Ratings & 1,380 Reviews"
TCL P615 139 cm (55 inch) Ultra HD (4K) LED Smart Android TV with Dolby Audio,"₹36,399",,,944 Ratings & 101 Reviews
SONY 164 cm (65 inch) Ultra HD (4K) LED Smart Android TV,"₹1,11,900",,,
,,,,
,,,,
Mi 5A 80 cm (32 inch) HD Ready LED Smart Android TV with Dolby Audio (2022 Model),"₹13,999",,,"3,23,119 Ratings & 30,714 Reviews"
Adsun 60 cm (24 inch) HD Ready LED TV,"₹5,499",,,"12,973 Ratings & 1,852 Reviews"
SAMSUNG QN85BAKL 138 cm (55 inch) QLED Ultra HD (4K) Smart Tizen TV,"₹1,18,590",,,
SAMSUNG Q Series 163 cm (65 inch) QLED Ultra HD (4K) Smart Tizen TV,"₹2,58,999",,,2 Ratings & 1 Reviews
Adsun Smart Series 60 cm (24 inch) HD Ready LED Smart Android Based TV,"₹6,649",,,"12,973 Ratings & 1,852 Reviews"
Adsun Frameless 80 cm (32 inch) HD Ready LED Smart Android Based TV,"₹8,399",,,"12,973 Ratings & 1,852 Reviews"
Haier 108 cm (43 inch) Ultra HD (4K) LED Smart Android TV,"₹34,999",,,177 Ratings & 25 Reviews
MOTOROLA Revou 2 102 cm (40 inch) Full HD LED Smart Android TV,"₹20,999",,,"1,514 Ratings & 232 Reviews"
TCL P615 108 cm (43 inch) Ultra HD (4K) LED Smart TV with Dolby Audio,"₹26,990",,,944 Ratings & 101 Reviews
SAMSUNG 138 cm (55 inch) Ultra HD (4K) LED Smart Tizen TV,"₹2,41,900",,,8 Ratings & 2 Reviews
Adsun 80 cm (32 inch) HD Ready LED TV,"₹7,299",,,"12,973 Ratings & 1,852 Reviews"
Cellecor 80 cm (32 inch) Full HD LED Smart Android TV,"₹9,599",,,
SONY Bravia 108 cm (43 inch) Ultra HD (4K) LED Smart TV,"₹59,990",,,81 Ratings & 12 Reviews
LG Nanocell 164 cm (65 inch) Ultra HD (4K) LED Smart WebOS TV,"₹1,29,999",,,11 Ratings & 0 Reviews
Adsun 80 cm (32 inch) HD Ready LED Smart Android Based TV,"₹8,264",,,"12,973 Ratings & 1,852 Reviews"
Cellecor 80 cm (32 inch) Full HD LED Smart Android TV,"₹10,999",,,
Mi 4A Horizon Edition 80 cm (32 inch) HD Ready LED Smart Android TV,"₹17,833",,,"20,165 Ratings & 1,857 Reviews"
SAMSUNG 9 108 cm (43 inch) Ultra HD (4K) LED Smart Tizen TV,"₹45,950",,,10 Ratings & 0 Reviews
SAMSUNG 190 cm (75 inch) Ultra HD (4K) LED Smart Tizen TV,"₹1,58,599",,,
Haier Bezel Less Google Android TV - Smart AI Plus 80 cm (32 inch) HD Ready LED Smart Android TV,"₹16,999",,,65 Ratings & 4 Reviews
Cellecor 80 cm (32 inch) HD Ready LED TV,"₹8,399",,,
Cellecor 80 cm (32 inch) Full HD LED Smart Android TV,"₹10,999",,,14 Ratings & 0 Reviews
SAMSUNG Q Series 163 cm (65 inch) QLED Ultra HD (4K) Smart Tizen TV,"₹1,79,999",,,2 Ratings & 1 Reviews
LG 164 cm (65 Inch) OLED Ultra HD (4K) Smart WebOS TV,"₹2,19,080",,,
,,,,
,,,,
Mi 5A 80 cm (32 inch) HD Ready LED Smart Android TV with Dolby Audio (2022 Model),"₹13,999",,,"3,23,119 Ratings & 30,714 Reviews"
Adsun Smart Series 60 cm (24 inch) HD Ready LED Smart Android Based TV,"₹6,649",,,"12,973 Ratings & 1,852 Reviews"
LG OLED BX 164 cm (65 inch) OLED Ultra HD (4K) Smart WebOS TV,"₹1,83,080",,,4 Ratings & 1 Reviews
SONY 139 cm (55 Inch) Ultra HD (4K) LCD Smart Google TV,"₹82,900",,,3 Ratings & 0 Reviews
TCL C725 164 cm (65 inch) QLED Ultra HD (4K) Smart Android TV (Black) (2021 Model) |Works With Video C...,"₹79,990",,,63 Ratings & 12 Reviews
LG 109.22 cm (43 inch) Ultra HD (4K) LED Smart WebOS TV,"₹33,646",,,13 Ratings & 0 Reviews
Adsun 80 cm (32 inch) HD Ready LED TV,"₹7,299",,,"12,973 Ratings & 1,852 Reviews"
Adsun Frameless 80 cm (32 inch) HD Ready LED Smart Android Based TV,"₹8,399",,,"12,973 Ratings & 1,852 Reviews"
LG Nanocell 139 cm (55 inch) Ultra HD (4K) LED Smart WebOS TV,"₹91,590",,,14 Ratings & 6 Reviews
"LG 139.7 cm (55 inch) Ultra HD (4K) LED Smart WebOS TV with True Cinema Experience, Unlimited Entertai...","₹56,990",,,8 Ratings & 2 Reviews
Cellecor 80 cm (32 inch) Full HD LED Smart Android TV,"₹9,599",,,
Adsun 80 cm (32 inch) HD Ready LED Smart Android Based TV,"₹8,264",,,"12,973 Ratings & 1,852 Reviews"
LG Nanocell 164 cm (65 inch) Ultra HD (4K) LED Smart WebOS TV,"₹1,09,990",,,5 Ratings & 0 Reviews
SAMSUNG QN90BAKL 163 cm (65 inch) QLED Ultra HD (4K) Smart Tizen TV,"₹2,05,990",,,
SAMSUNG 108 cm (43 inch) Ultra HD (4K) LED Smart Tizen TV,"₹45,400",,,17 Ratings & 3 Reviews
KODAK 7X Pro 108 cm (43 inch) Ultra HD (4K) LED Smart Android TV,"₹21,999",,,"6,056 Ratings & 1,380 Reviews"
Cellecor 80 cm (32 inch) Full HD LED Smart Android TV,"₹10,999",,,
Adsun 60 cm (24 inch) HD Ready LED TV,"₹5,499",,,"12,973 Ratings & 1,852 Reviews"
SAMSUNG 7 138 cm (55 inch) Ultra HD (4K) LED Smart Tizen TV,"₹53,790",,,3 Ratings & 0 Reviews
TCL C715 Series 139 cm (55 inch) QLED Ultra HD (4K) Smart Android TV with Handsfree Voice Control & Do...,"₹41,488",,,763 Ratings & 125 Reviews
Cellecor 80 cm (32 inch) HD Ready LED TV,"₹8,399",,,
Dyanora Sigma 108 cm (43 inch) Full HD LED Smart Linux TV with 40 Watt Box Speakers & Bezel-Less Desig...,"₹14,499",,,51 Ratings & 7 Reviews
SAMSUNG Q Series 138 cm (55 inch) QLED Ultra HD (4K) Smart Tizen TV,"₹3,44,900",,,6 Ratings & 1 Reviews
Coocaa Frameless 138 cm (55 inch) Ultra HD (4K) LED Smart Google TV with HDR 11 Dolby Audio and Eye ca...,"₹36,999",,,39 Ratings & 8 Reviews
,,,,
,,,,
MOTOROLA Revou 2 109 cm (43 inch) Full HD LED Smart Android TV,"₹24,999",,,"1,514 Ratings & 232 Reviews"
Hyundai 140 cm (55 inch) Ultra HD (4K) LED Smart WebOS TV,"₹35,999",,,36 Ratings & 5 Reviews
Mi 5A 80 cm (32 inch) HD Ready LED Smart Android TV with Dolby Audio (2022 Model),"₹13,999",,,"3,23,119 Ratings & 30,714 Reviews"
Adsun Smart Series 60 cm (24 inch) HD Ready LED Smart Android Based TV,"₹6,649",,,"12,973 Ratings & 1,852 Reviews"
LG 164 cm (65 inch) Ultra HD (4K) LED Smart WebOS TV,"₹78,999",,,
VG 80 cm (32 inch) HD Ready LED Smart Android Based TV,"₹10,990",,,
Adsun 80 cm (32 inch) HD Ready LED TV,"₹7,299",,,"12,973 Ratings & 1,852 Reviews"
Adsun 80 cm (32 inch) HD Ready LED Smart Android Based TV,"₹8,264",,,"12,973 Ratings & 1,852 Reviews"
smart s tech 60.96 cm (24 inch) Full HD Curved LED TV,"₹5,398",,,
SAMSUNG 190 cm (75 inch) Ultra HD (4K) LED Smart Tizen TV,"₹1,57,750",,,
LG 139 cm (55 inch) Ultra HD (4K) LED Smart TV,"₹50,749",,,
T-Series 80 cm (32 inch) HD Ready LED Smart WebOS TV,"₹12,990",,,
Adsun 60 cm (24 inch) HD Ready LED TV,"₹5,499",,,"12,973 Ratings & 1,852 Reviews"
Adsun Frameless 80 cm (32 inch) HD Ready LED Smart Android Based TV,"₹8,399",,,"12,973 Ratings & 1,852 Reviews"
SAMSUNG 108 cm (43 inch) Ultra HD (4K) LED Smart Tizen TV,"₹48,990",,,35 Ratings & 6 Reviews
Haier 109 cm (43 inch) Full HD LED Smart TV,"₹29,124",,,
Cellecor 80 cm (32 inch) Full HD LED Smart Android TV,"₹9,599",,,
Cellecor 80 cm (32 inch) Full HD LED Smart Android TV,"₹10,999",,,
LG Nanocell 108 cm (43 inch) Ultra HD (4K) LED Smart WebOS TV,"₹38,999",,,587 Ratings & 85 Reviews
SAMSUNG 4 80 cm (32 inch) HD Ready LED TV,"₹13,633",,,9 Ratings & 0 Reviews
Cellecor 100 cm (40 inch) Full HD LED Smart Android TV,"₹15,999",,,14 Ratings & 0 Reviews
LG 139.7 cm (55 inch) Ultra HD (4K) LED Smart WebOS TV,"₹65,990",,,
Cellecor 80 cm (32 inch) HD Ready LED TV,"₹8,399",,,
Dyanora Sigma 108 cm (43 inch) Full HD LED Smart Linux TV with 40 Watt Box Speakers & Bezel-Less Desig...,"₹14,499",,,51 Ratings & 7 Reviews
,,,,
,,,,
SAMSUNG Series 8 138 cm (55 inch) Ultra HD (4K) LED Smart Tizen TV,"₹1,54,900",,,5 Ratings & 2 Reviews
LG 139.7 cm (55 inch) OLED Ultra HD (4K) Smart WebOS TV,"₹1,15,999",,,
Mi 5A 80 cm (32 inch) HD Ready LED Smart Android TV with Dolby Audio (2022 Model),"₹13,999",,,"3,23,119 Ratings & 30,714 Reviews"
Adsun Smart Series 60 cm (24 inch) HD Ready LED Smart Android Based TV,"₹6,649",,,"12,973 Ratings & 1,852 Reviews"
SAMSUNG 80 cm (32 inch) HD Ready LED Smart Tizen TV,"₹17,014",,,
TCL C715 Series 126 cm (50 inch) QLED Ultra HD (4K) Smart Android TV with Handsfree Voice Control & Do...,"₹53,650",,,763 Ratings & 125 Reviews
LG 164 cm (65 inch) Ultra HD (4K) LED Smart WebOS TV,"₹78,999",,,
SAMSUNG BU8570UL 163 cm (65 inch) Ultra HD (4K) LED Smart Tizen TV,"₹1,06,770",,,
Adsun 80 cm (32 inch) HD Ready LED Smart Android Based TV,"₹8,264",,,"12,973 Ratings & 1,852 Reviews"
Adsun 80 cm (32 inch) HD Ready LED TV,"₹7,299",,,"12,973 Ratings & 1,852 Reviews"
Cellecor 100 cm (40 inch) Full HD LED Smart Android TV,"₹16,999",,,
LG Nanocell 123 cm (49 inch) Ultra HD (4K) LED Smart WebOS TV,"₹62,899",,,30 Ratings & 7 Reviews
Adsun Frameless 80 cm (32 inch) HD Ready LED Smart Android Based TV,"₹8,399",,,"12,973 Ratings & 1,852 Reviews"
Adsun 60 cm (24 inch) HD Ready LED TV,"₹5,499",,,"12,973 Ratings & 1,852 Reviews"
SAMSUNG Q Series 138 cm (55 inch) QLED Ultra HD (4K) Smart Tizen TV,"₹2,74,900",,,2 Ratings & 2 Reviews
TCL P616 139 cm (55 inch) Ultra HD (4K) LED Smart Android TV with Dolby Audio,"₹36,990",,,
Nokia 139 cm (55 inch) Ultra HD 4K LED Smart Android TV with Sound by Onkyo and Dolby Atmos,"₹49,999",,,"2,186 Ratings & 353 Reviews"
Vu cinema TV 126 cm (50 inch) Ultra HD (4K) LED Smart Android TV,"₹35,999",,,721 Ratings & 94 Reviews
Cellecor 80 cm (32 inch) Full HD LED Smart Android TV,"₹9,599",,,
Cellecor 80 cm (32 inch) Full HD LED Smart Android TV,"₹10,999",,,
SAMSUNG 6 108 cm (43 inch) QLED Ultra HD (4K) Smart Tizen TV,"₹52,700",,,3 Ratings & 0 Reviews
SAMSUNG 108 cm (43 inch) Full HD LED Smart Tizen TV,"₹62,900",,,77 Ratings & 18 Reviews
Cellecor 80 cm (32 inch) HD Ready LED TV,"₹8,399",,,
Dyanora Sigma 108 cm (43 inch) Full HD LED Smart Linux TV with 40 Watt Box Speakers & Bezel-Less Desig...,"₹14,499",,,51 Ratings & 7 Reviews
,,,,
,,,,
SAMSUNG 108 cm (43 inch) Full HD LED Smart Tizen TV,"₹62,900",,,77 Ratings & 18 Reviews
LG 139.7 cm (55 inch) Ultra HD (4K) LED Smart WebOS TV,"₹55,999",,,35 Ratings & 5 Reviews
SONY Bravia 164 cm (65 inch) Ultra HD (4K) LED Smart Google TV,"₹1,44,990",,,
Blaupunkt 139 cm (55 inch) QLED Ultra HD (4K) Smart Google TV With Dolby Atmos & Far-Field Mic,"₹42,999",,,601 Ratings & 157 Reviews
Mi 5A 80 cm (32 inch) HD Ready LED Smart Android TV with Dolby Audio (2022 Model),"₹13,999",,,"3,23,119 Ratings & 30,714 Reviews"
Adsun Smart Series 60 cm (24 inch) HD Ready LED Smart Android Based TV,"₹6,649",,,"12,973 Ratings & 1,852 Reviews"
SONY 139 cm (55 inch) Ultra HD (4K) LED Smart Android Based TV,"₹99,990",,,9 Ratings & 1 Reviews
LEEMA 127 cm (50 inch) Full HD LED Smart TV,"₹24,990",,,
Adsun 80 cm (32 inch) HD Ready LED Smart Android Based TV,"₹8,264",,,"12,973 Ratings & 1,852 Reviews"
Adsun 80 cm (32 inch) HD Ready LED TV,"₹7,299",,,"12,973 Ratings & 1,852 Reviews"
TCL C825 139 cm (55 inch) QLED Ultra HD (4K) Smart Android TV (Graphite Grey) (2021 Model) | Mini LED ...,"₹79,999",,,13 Ratings & 1 Reviews
LG UQ75 108 cm (43 inch) Ultra HD (4K) LED Smart WebOS TV,"₹35,998",,,11 Ratings & 1 Reviews
LG 2021 139.7 cm (55 inch) OLED Ultra HD (4K) Smart TV,"₹1,29,990",,,26 Ratings & 3 Reviews
Thomson 9A Series 108 cm (43 inch) Full HD LED Smart Android TV with Bezel Less Display,"₹17,999",,,"85,449 Ratings & 17,884 Reviews"
Adsun Frameless 80 cm (32 inch) HD Ready LED Smart Android Based TV,"₹8,399",,,"12,973 Ratings & 1,852 Reviews"
Cellecor 80 cm (32 inch) Full HD LED Smart Android TV,"₹9,599",,,
Compaq HUEQ W32S 80 cm (32 inch) HD Ready LED Smart Android TV,"₹14,999",,,266 Ratings & 58 Reviews
SAMSUNG 125 cm (50 inch) Ultra HD (4K) LED Smart Tizen TV,"₹54,890",,,33 Ratings & 5 Reviews
Cellecor 80 cm (32 inch) Full HD LED Smart Android TV,"₹10,999",,,
Adsun 60 cm (24 inch) HD Ready LED TV,"₹5,499",,,"12,973 Ratings & 1,852 Reviews"
LG C9 164 cm (65 inch) OLED Ultra HD (4K) Smart WebOS TV,"₹2,62,999",,,
Cellecor 60 cm (24 inch) HD Ready LED TV,"₹6,399",,,14 Ratings & 0 Reviews
SONY Bravia 138.8 cm (55 inch) Ultra HD (4K) LED Smart Android TV,"₹75,999",,,81 Ratings & 12 Reviews
Panasonic 190 cm (75 inch) Ultra HD (4K) LED Smart Android TV,"₹1,44,460",,,
,,,,
,,,,
Mi 5A 80 cm (32 inch) HD Ready LED Smart Android TV with Dolby Audio (2022 Model),"₹13,999",,,"3,23,119 Ratings & 30,714 Reviews"
Adsun Smart Series 60 cm (24 inch) HD Ready LED Smart Android Based TV,"₹6,649",,,"12,973 Ratings & 1,852 Reviews"
LG 139 cm (55 inch) Ultra HD (4K) LED Smart WebOS TV,"₹52,999",,,"1,685 Ratings & 241 Reviews"
Hisense U80G Series 189 cm (75 inch) QLED Ultra HD (8K) Smart Android TV,"₹3,99,990",,,
Adsun 60 cm (24 inch) HD Ready LED TV,"₹5,499",,,"12,973 Ratings & 1,852 Reviews"
Cellecor 80 cm (32 inch) Full HD LED Smart Android TV,"₹9,599",,,
SAMSUNG 7 108 cm (43 inch) Ultra HD (4K) LED Smart Tizen TV,"₹35,550",,,14 Ratings & 0 Reviews
DETEL 140 cm (55 inch) Ultra HD (4K) LED Smart Android TV,"₹34,671",,,75 Ratings & 6 Reviews
SONY Bravia W672G 108 cm (43 inch) Full HD LED Smart Linux based TV,"₹42,750",,,968 Ratings & 176 Reviews
SAMSUNG Q Series 163 cm (65 inch) QLED Ultra HD (4K) Smart Tizen TV,"₹3,41,900",,,4 Ratings & 1 Reviews
Adsun 80 cm (32 inch) HD Ready LED Smart Android Based TV,"₹8,264",,,"12,973 Ratings & 1,852 Reviews"
Adsun Frameless 80 cm (32 inch) HD Ready LED Smart Android Based TV,"₹8,399",,,"12,973 Ratings & 1,852 Reviews"
SONY Bravia 139 cm (55 inch) Ultra HD (4K) LED Smart TV,"₹85,490",,,
LEEMA 60 cm (24 inch) HD Ready LED Smart TV,"₹6,308",,,
Cellecor 80 cm (32 inch) Full HD LED Smart Android TV,"₹10,999",,,
Cellecor 80 cm (32 inch) HD Ready LED TV,"₹8,399",,,
SONY Bravia 138.8 cm (55 inch) Ultra HD (4K) LED Smart Google TV,"₹80,275",,,339 Ratings & 78 Reviews
SONY Bravia W672G 125.7 cm (50 inch) Full HD LED Smart Linux based TV,"₹53,100",,,968 Ratings & 176 Reviews
LG 122 cm (48 inch) OLED Ultra HD (4K) Smart WebOS TV,"₹1,01,570",,,
SAMSUNG 108 cm (43 inch) Full HD LED Smart Tizen TV,"₹33,990",,,
Adsun 80 cm (32 inch) HD Ready LED TV,"₹7,299",,,"12,973 Ratings & 1,852 Reviews"
Dyanora Sigma 108 cm (43 inch) Full HD LED Smart Linux TV with 40 Watt Box Speakers & Bezel-Less Desig...,"₹14,499",,,51 Ratings & 7 Reviews
MOTOROLA ZX Pro 139 cm (55 inch) Ultra HD (4K) LED Smart Android TV with Wireless Gamepad,"₹45,999",,,"13,894 Ratings & 2,146 Reviews"
LG 81.28 cm (32 inch) Full HD LED Smart TV,"₹24,399",,,
,,,,
,,,,
Mi 5A 80 cm (32 inch) HD Ready LED Smart Android TV with Dolby Audio (2022 Model),"₹13,999",,,"3,23,119 Ratings & 30,714 Reviews"
Adsun Smart Series 60 cm (24 inch) HD Ready LED Smart Android Based TV,"₹6,649",,,"12,973 Ratings & 1,852 Reviews"
PHILIPS 6600 Series 126 cm (50 inch) Ultra HD (4K) LED Smart Linux based TV,"₹39,999",,,778 Ratings & 97 Reviews
SAMSUNG Q60BAKL 138 cm (55 inch) QLED Ultra HD (4K) Smart Tizen TV,"₹72,950",,,
Feltron 109 cm (43 inch) Full HD LED Smart Android Based TV,"₹16,990",,,
Lloyd Clara 163 cm (65 inch) Ultra HD (4K) LED Smart Linux based TV,"₹74,999",,,7 Ratings & 1 Reviews
Adsun 60 cm (24 inch) HD Ready LED TV,"₹5,499",,,"12,973 Ratings & 1,852 Reviews"
Adsun 80 cm (32 inch) HD Ready LED TV,"₹7,299",,,"12,973 Ratings & 1,852 Reviews"
SAMSUNG Series 5 138 cm (55 inch) Full HD LED Smart Tizen TV,"₹1,18,900",,,15 Ratings & 2 Reviews
SONY Bravia 123.2 cm (49 inch) Ultra HD (4K) LED Smart Android TV,"₹60,999",,,291 Ratings & 54 Reviews
Cellecor 80 cm (32 inch) Full HD LED Smart Android TV,"₹9,599",,,
Adsun 80 cm (32 inch) HD Ready LED Smart Android Based TV,"₹8,264",,,"12,973 Ratings & 1,852 Reviews"
SAMSUNG Q70RAK 163 cm (65 inch) QLED Ultra HD (4K) Smart Tizen TV,"₹2,24,999",,,2 Ratings & 1 Reviews
TCL P715 126 cm (50 inch) Ultra HD (4K) LED Smart Android TV with Full Screen & Handsfree Voice Contro...,"₹39,990",,,"1,027 Ratings & 109 Reviews"
SONY Bravia 163.9 cm (65 inch) Ultra HD (4K) LED Smart Google TV,"₹97,900",,,339 Ratings & 78 Reviews
LG 123 cm (49 inch) Ultra HD (4K) LED Smart WebOS TV,"₹78,499",,,19 Ratings & 2 Reviews
Adsun Frameless 80 cm (32 inch) HD Ready LED Smart Android Based TV,"₹8,399",,,"12,973 Ratings & 1,852 Reviews"
Cellecor 80 cm (32 inch) Full HD LED Smart Android TV,"₹10,999",,,
LG Nanocell 123 cm (49 inch) Ultra HD (4K) LED Smart WebOS TV,"₹74,999",,,27 Ratings & 4 Reviews
LG 80 cm (32 inch) HD Ready LED Linux TV,"₹15,299",,,"1,122 Ratings & 111 Reviews"
Cellecor 80 cm (32 inch) HD Ready LED TV,"₹8,399",,,
Cellecor 80 cm (32 inch) Full HD LED Smart Android TV,"₹10,999",,,14 Ratings & 0 Reviews
Blaupunkt Cybersound 108 cm (43 Inch) Full HD LED Smart Android TV with 40W Speaker,"₹17,999",,,"9,468 Ratings & 2,131 Reviews"
SAMSUNG Series 7 138 cm (55 inch) Ultra HD (4K) LED Smart Tizen TV,"₹2,04,900",,,2 Ratings & 1 Reviews
,,,,
,,,,
SAMSUNG 138 cm (55 inch) QLED Ultra HD (4K) Smart Tizen TV,"₹84,990",,,
SAMSUNG BU8570UL 108 cm (43 inch) Ultra HD (4K) LED Smart Tizen TV,"₹46,990",,,
Adsun 80 cm (32 inch) HD Ready LED TV,"₹7,299",,,"12,973 Ratings & 1,852 Reviews"
Adsun 80 cm (32 inch) HD Ready LED Smart Android Based TV,"₹8,264",,,"12,973 Ratings & 1,852 Reviews"
SONY Bravia 164 cm (65 inch) Ultra HD (4K) LED Smart TV,"₹1,75,640",,,
LG C9 138 cm (55 inch) OLED Ultra HD (4K) Smart WebOS TV,"₹1,49,999",,,13 Ratings & 0 Reviews
Adsun 60 cm (24 inch) HD Ready LED TV,"₹5,499",,,"12,973 Ratings & 1,852 Reviews"
Adsun Frameless 80 cm (32 inch) HD Ready LED Smart Android Based TV,"₹8,399",,,"12,973 Ratings & 1,852 Reviews"
TCL P715 139 cm (55 inch) Ultra HD (4K) LED Smart Android TV with Full Screen & Handsfree Voice Contro...,"₹43,999",,,"1,027 Ratings & 109 Reviews"
"Hisense A73F 164 cm (65 inch) Ultra HD (4K) LED Smart Android TV with 102W JBL 6 Speakers, Dolby Visio...","₹61,990",,,107 Ratings & 20 Reviews
Cellecor 80 cm (32 inch) Full HD LED Smart Android TV,"₹10,999",,,14 Ratings & 0 Reviews
Vu Masterpiece Glo 139 cm (55 inch) QLED Ultra HD (4K) Smart Android TV With 3 Years warranty,"₹76,490",,,4 Ratings & 0 Reviews
Mi 5A 80 cm (32 inch) HD Ready LED Smart Android TV with Dolby Audio (2022 Model),"₹13,999",,,"3,23,119 Ratings & 30,714 Reviews"
Adsun Smart Series 60 cm (24 inch) HD Ready LED Smart Android Based TV,"₹6,649",,,"12,973 Ratings & 1,852 Reviews"
LG OLED A1 Series 164 cm (65 inch) OLED Ultra HD (4K) Smart WebOS TV,"₹1,64,990",,,165 Ratings & 32 Reviews
SAMSUNG Q70RAK 138 cm (55 inch) QLED Ultra HD (4K) Smart Tizen TV,"₹1,28,999",,,13 Ratings & 0 Reviews
"Dyanora 60 cm (24 inch) HD Ready LED Smart Android Based TV with Noise Reduction, Android 9.0, Powerfu...","₹6,599",,,"3,616 Ratings & 468 Reviews"
Cellecor 80 cm (32 inch) Full HD LED Smart Android TV,"₹10,999",,,
DETEL 108 cm (43 inch) Full HD LED Smart Android TV,"₹23,147",,,75 Ratings & 6 Reviews
Sansui Prime Series 80 cm (32 inch) HD Ready LED Smart Android Based TV with Bezel-less Design (BLACK)...,"₹14,916",,,4 Ratings & 0 Reviews
Panasonic 165 cm (65 inch) Ultra HD (4K) LED Smart TV,"₹74,299",,,
SAMSUNG 163 cm (65 inch) QLED Ultra HD (4K) Smart Tizen TV,"₹1,98,900",,,
Cellecor 80 cm (32 inch) Full HD LED Smart Android TV,"₹9,599",,,
Cellecor 80 cm (32 inch) HD Ready LED TV,"₹8,399",,,
,,,,
,,,,
LG 139.7 cm (55 inch) Ultra HD (4K) LED Smart WebOS TV,"₹57,490",,,
SAMSUNG The Frame 2020 Series 163 cm (65 inch) QLED Ultra HD (4K) Smart Tizen TV,"₹1,22,290",,,"4,552 Ratings & 666 Reviews"
Adsun 80 cm (32 inch) HD Ready LED TV,"₹7,299",,,"12,973 Ratings & 1,852 Reviews"
Adsun 80 cm (32 inch) HD Ready LED Smart Android Based TV,"₹8,264",,,"12,973 Ratings & 1,852 Reviews"
SAMSUNG BU8570UL 138 cm (55 inch) Ultra HD (4K) LED Smart Tizen TV,"₹69,000",,,
LG 123 cm (49 inch) Full HD LED Smart WebOS TV,"₹67,990",,,29 Ratings & 3 Reviews
LG 164 cm (65 inch) Ultra HD (4K) LED Smart WebOS TV,"₹79,990",,,"1,685 Ratings & 241 Reviews"
SAMSUNG 7 108 cm (43 inch) Ultra HD (4K) LED Smart Tizen TV,"₹33,890",,,11 Ratings & 0 Reviews
Adsun Smart Series 60 cm (24 inch) HD Ready LED Smart Android Based TV,"₹6,649",,,"12,973 Ratings & 1,852 Reviews"
Adsun Frameless 80 cm (32 inch) HD Ready LED Smart Android Based TV,"₹8,399",,,"12,973 Ratings & 1,852 Reviews"
TCL C815 Series 164 cm (65 inch) QLED Ultra HD (4K) Smart Android TV With Integrated 2.1 Onkyo Soundba...,"₹95,890",,,175 Ratings & 32 Reviews
VG 108 cm (43 inch) Full HD LED Smart Android Based TV,"₹21,840",,,
Mi 5A 80 cm (32 inch) HD Ready LED Smart Android TV with Dolby Audio (2022 Model),"₹13,999",,,"3,23,119 Ratings & 30,714 Reviews"
Adsun 60 cm (24 inch) HD Ready LED TV,"₹5,499",,,"12,973 Ratings & 1,852 Reviews"
SAMSUNG 8 189 cm (75 inch) Ultra HD (4K) LED Smart Tizen TV,"₹1,39,990",,,
Panasonic 140 cm (55 inch) Ultra HD (4K) LED Smart TV,"₹64,660",,,
SAMSUNG Series 6 138 cm (55 inch) Ultra HD (4K) LED Smart Tizen TV,"₹1,49,900",,,
LG 139 cm (55 inch) OLED Ultra HD (4K) Smart WebOS TV,"₹1,59,999",,,13 Ratings & 2 Reviews
"Dyanora 60 cm (24 inch) HD Ready LED Smart Android Based TV with Noise Reduction, Android 9.0, Powerfu...","₹6,599",,,"3,616 Ratings & 468 Reviews"
Cellecor 80 cm (32 inch) Full HD LED Smart Android TV,"₹10,999",,,
SAMSUNG Series 8 123 cm (49 inch) Ultra HD (4K) LED Smart Tizen TV,"₹1,29,900",,,17 Ratings & 0 Reviews
Haier 127 cm (65 inch) Ultra HD (4K) LED Smart Android TV,"₹65,502",,,
Cellecor 80 cm (32 inch) Full HD LED Smart Android TV,"₹9,599",,,
Cellecor 80 cm (32 inch) Full HD LED Smart Android TV,"₹10,999",,,14 Ratings & 0 Reviews
,,,,
,,,,
TCL 635 190 cm (75 inch) QLED Ultra HD (4K) Smart Android TV,"₹1,53,990",,,
SAMSUNG 163 cm (65 inch) Ultra HD (4K) LED Smart Tizen TV,"₹89,999",,,29 Ratings & 4 Reviews
LG 190.5 cm (75 inch) Ultra HD (4K) LED Smart WebOS TV with LG Content Store,"₹1,39,990",,,
KODAK 7XPRO Series 108 cm (43 inch) Full HD LED Smart Android TV,"₹19,999",,,"36,023 Ratings & 7,918 Reviews"
Mi 5A 80 cm (32 inch) HD Ready LED Smart Android TV with Dolby Audio (2022 Model),"₹13,999",,,"3,23,119 Ratings & 30,714 Reviews"
Adsun Smart Series 60 cm (24 inch) HD Ready LED Smart Android Based TV,"₹6,649",,,"12,973 Ratings & 1,852 Reviews"
LG 108 cm (43 inch) Ultra HD (4K) LED Smart TV,"₹34,990",,,
SONY Bravia 189 cm (75 inch) Ultra HD (4K) LED Smart Google TV,"₹1,69,990",,,339 Ratings & 78 Reviews
Adsun 80 cm (32 inch) HD Ready LED Smart Android Based TV,"₹8,264",,,"12,973 Ratings & 1,852 Reviews"
Adsun 80 cm (32 inch) HD Ready LED TV,"₹7,299",,,"12,973 Ratings & 1,852 Reviews"
"Coocaa 127 cm (50 inch) Ultra HD (4K) LED Smart Android TV with Google Assistant, HDR 10 and Dolby Aud...","₹31,999",,,"2,811 Ratings & 630 Reviews"
TCL 163.96 cm (65 inch) Ultra HD (4K) LED Smart Android TV,"₹1,09,988",,,36 Ratings & 4 Reviews
Panasonic FX600 Series 139 cm (55 inch) Ultra HD (4K) LED Smart Linux based TV,"₹69,999",,,15 Ratings & 2 Reviews
Nokia 80 cm (32 inch) HD Ready LED Smart Android TV with Sound by Onkyo,"₹16,999",,,"17,833 Ratings & 3,097 Reviews"
Adsun 60 cm (24 inch) HD Ready LED TV,"₹5,499",,,"12,973 Ratings & 1,852 Reviews"
Cellecor 80 cm (32 inch) Full HD LED Smart Android TV,"₹9,599",,,
LG 108 cm (43 inch) Ultra HD (4K) LED Smart WebOS TV,"₹43,984",,,170 Ratings & 29 Reviews
SAMSUNG 125 cm (50 inch) QLED Ultra HD (4K) Smart Tizen TV,"₹62,990",,,9 Ratings & 0 Reviews
Adsun Frameless 80 cm (32 inch) HD Ready LED Smart Android Based TV,"₹8,399",,,"12,973 Ratings & 1,852 Reviews"
Cellecor 80 cm (32 inch) Full HD LED Smart Android TV,"₹10,999",,,
SAMSUNG N4200 80 cm (32 inch) HD Ready LED Smart Tizen TV,"₹22,499",,,61 Ratings & 4 Reviews
SAMSUNG 8 138 mm (55 inch) Ultra HD (4K) LED Smart Tizen TV,"₹59,990",,,17 Ratings & 0 Reviews
IMPEX AU20 80 cm (32 inch) HD Ready LED Smart Android TV 2021 Edition,"₹21,549",,,
SAMSUNG The Frame 2021 Series 138 cm (55 inch) QLED Ultra HD (4K) Smart Tizen TV,"₹75,990",,,"1,351 Ratings & 179 Reviews"
,,,,
,,,,
Mi 5A 80 cm (32 inch) HD Ready LED Smart Android TV with Dolby Audio (2022 Model),"₹13,999",,,"3,23,119 Ratings & 30,714 Reviews"
Adsun Smart Series 60 cm (24 inch) HD Ready LED Smart Android Based TV,"₹6,649",,,"12,973 Ratings & 1,852 Reviews"
Nokia 127 cm (50 inch) Ultra HD 4K QLED Smart Android TV with Sound by JBL and Powered by Harman Audio...,"₹49,999",,,"2,439 Ratings & 402 Reviews"
Panasonic 165 cm (65 inch) Ultra HD (4K) LED Smart TV,"₹82,490",,,
Adsun 60 cm (24 inch) HD Ready LED TV,"₹5,499",,,"12,973 Ratings & 1,852 Reviews"
Adsun Frameless 80 cm (32 inch) HD Ready LED Smart Android Based TV,"₹8,399",,,"12,973 Ratings & 1,852 Reviews"
Sansui (32 inch) HD Ready LED TV,"₹21,499",,,
SAMSUNG Q80BAKL 163 cm (65 inch) QLED Ultra HD (4K) Smart Tizen TV,"₹1,52,709",,,
AISEN 80 cm (32 inch) HD Ready LED TV,"₹12,990",,,
SAMSUNG Series 4 80 cm (32 inch) HD Ready LED TV,"₹19,599",,,105 Ratings & 13 Reviews
Cellecor 80 cm (32 inch) Full HD LED Smart Android TV,"₹9,599",,,
Adsun 80 cm (32 inch) HD Ready LED Smart Android Based TV,"₹8,264",,,"12,973 Ratings & 1,852 Reviews"
Vu Masterpiece Glo 2022 164 cm (65 inch) QLED Ultra HD (4K) Smart Android TV With 3 Years warranty,"₹99,990",,,4 Ratings & 0 Reviews
LumX Border Less 80 cm (32 inch) HD Ready LED Smart Android TV,"₹28,900",,,222 Ratings & 20 Reviews
Cellecor 80 cm (32 inch) Full HD LED Smart Android TV,"₹10,999",,,
Cellecor 80 cm (32 inch) HD Ready LED TV,"₹8,399",,,
SAMSUNG The Frame 2021 Series 163 cm (65 inch) QLED Ultra HD (4K) Smart Tizen TV,"₹1,19,990",,,"1,351 Ratings & 179 Reviews"
Sansui Prime Series 80 cm (32 inch) HD Ready LED TV,"₹13,290",,,
SAMSUNG 108 cm (43 inch) Full HD LED Smart Tizen TV,"₹34,990",,,13 Ratings & 3 Reviews
Panasonic 139 cm (55 inch) Ultra HD (4K) LCD Smart TV,"₹51,290",,,
Adsun 80 cm (32 inch) HD Ready LED TV,"₹7,299",,,"12,973 Ratings & 1,852 Reviews"
Cellecor 80 cm (32 inch) Full HD LED Smart Android TV,"₹10,999",,,14 Ratings & 0 Reviews
LG 127 cm (50 inch) Ultra HD (4K) LED Smart WebOS TV,"₹54,999",,,16 Ratings & 0 Reviews
Hisense A56E 80 cm (32 inch) HD Ready LED Smart Android TV with 9.0 PIE,"₹17,499",,,"3,882 Ratings & 733 Reviews"
,,,,
,,,,
Mi 5A 80 cm (32 inch) HD Ready LED Smart Android TV with Dolby Audio (2022 Model),"₹13,999",,,"3,23,119 Ratings & 30,714 Reviews"
Adsun 80 cm (32 inch) HD Ready LED TV,"₹7,299",,,"12,973 Ratings & 1,852 Reviews"
LG 164 cm (65 inch) OLED Ultra HD (4K) Smart WebOS TV,"₹2,99,999",,,
Akai 60 cm (24 inch) HD Ready LED TV,"₹7,990",,,4 Ratings & 0 Reviews
IMPEX AU10 108 cm (43 inch) Full HD LED Smart Android TV,"₹36,749",,,
SAMSUNG 80 cm (32 inch) HD Ready LED Smart Tizen TV,"₹16,700",,,59 Ratings & 3 Reviews
Adsun Frameless 80 cm (32 inch) HD Ready LED Smart Android Based TV,"₹8,399",,,"12,973 Ratings & 1,852 Reviews"
Cellecor 80 cm (32 inch) Full HD LED Smart Android TV,"₹9,599",,,
SAMSUNG 8 163 cm (65 inch) QLED Ultra HD (4K) Smart Tizen TV,"₹1,29,990",,,
smart s tech 17inch led tv 43.18 cm (17 inch) Full HD LED TV,"₹4,899",,,
Adsun 80 cm (32 inch) HD Ready LED Smart Android Based TV,"₹8,264",,,"12,973 Ratings & 1,852 Reviews"
Adsun Smart Series 60 cm (24 inch) HD Ready LED Smart Android Based TV,"₹6,649",,,"12,973 Ratings & 1,852 Reviews"
Vu Masterpiece Glo 189 cm (75 inch) QLED Ultra HD (4K) Smart Android TV With 3 Years warranty,"₹1,62,999",,,3 Ratings & 1 Reviews
Akai 80 cm (32 inch) HD Ready LED TV,"₹9,499",,,
SAMSUNG 7 125 cm (50 inch) Ultra HD (4K) LED Smart Tizen TV,"₹50,590",,,
IMPEX Gloria Series 81.28 cm (32 inch) HD Ready LED TV,"₹19,999",,,
Cellecor 80 cm (32 inch) Full HD LED Smart Android TV,"₹10,999",,,
Adsun 60 cm (24 inch) HD Ready LED TV,"₹5,499",,,"12,973 Ratings & 1,852 Reviews"
Compaq 140 cm (55 inch) Ultra HD (4K) LED Smart Android TV,"₹35,999",,,673 Ratings & 113 Reviews
Lloyd 190.5 cm (75 inch) Ultra HD (4K) LED Smart Google TV,"₹1,07,990",,,
Cellecor 80 cm (32 inch) HD Ready LED TV,"₹8,399",,,
Dyanora Sigma 108 cm (43 inch) Full HD LED Smart Linux TV with 40 Watt Box Speakers & Bezel-Less Desig...,"₹14,499",,,51 Ratings & 7 Reviews
OnePlus Q1 Series 138.8 cm (55 inch) QLED Ultra HD (4K) Smart Android TV Sliding Soundbar,"₹84,990",,,69 Ratings & 10 Reviews
SAMSUNG 163 cm (65 inch) Ultra HD (4K) LED Smart Tizen TV,"₹2,95,900",,,
,,,,
,,,,
SAMSUNG Q Series 163 cm (65 inch) QLED Ultra HD (4K) Smart Tizen TV,"₹4,70,900",,,
SAMSUNG The Frame 189 cm (75 inch) QLED Ultra HD (4K) Smart Tizen TV,"₹2,84,900",,,"1,351 Ratings & 179 Reviews"
Mi 5A 80 cm (32 inch) HD Ready LED Smart Android TV with Dolby Audio (2022 Model),"₹13,999",,,"3,23,119 Ratings & 30,714 Reviews"
Adsun 80 cm (32 inch) HD Ready LED Smart Android Based TV,"₹8,264",,,"12,973 Ratings & 1,852 Reviews"
Salora SLV 4501 126 cm (50 inch) Ultra HD (4K) LED Smart Android Based TV,"₹26,449",,,
TCL 139 cm (55 inch) Ultra HD (4K) LED Smart Android TV,"₹40,499",,,
Adsun Smart Series 60 cm (24 inch) HD Ready LED Smart Android Based TV,"₹6,649",,,"12,973 Ratings & 1,852 Reviews"
Adsun 60 cm (24 inch) HD Ready LED TV,"₹5,499",,,"12,973 Ratings & 1,852 Reviews"
LG 139 cm (55 inch) Full HD LED Smart WebOS TV,"₹1,03,990",,,39 Ratings & 11 Reviews
iMEE Premium 80 cm (32 inch) HD Ready LED Smart Android TV with with SRS Surround Sound (BEE 5 Star),"₹9,404",,,17 Ratings & 2 Reviews
TCL S6500 Series 79.97 cm (32 inch) HD Ready LED Smart Android TV,"₹17,089",,,"1,646 Ratings & 160 Reviews"
LG 139.7 cm (55 inch) Ultra HD (4K) LED Smart WebOS TV,"₹57,800",,,12 Ratings & 1 Reviews
Adsun 80 cm (32 inch) HD Ready LED TV,"₹7,299",,,"12,973 Ratings & 1,852 Reviews"
Cellecor 80 cm (32 inch) Full HD LED Smart Android TV,"₹9,599",,,
SAMSUNG QN95BAKL 163 cm (65 inch) QLED Ultra HD (4K) Smart Tizen TV,"₹2,59,989",,,
SAMSUNG 138 cm (55 inch) QLED Ultra HD (4K) Smart TV,"₹1,19,990",,,
Adsun Frameless 80 cm (32 inch) HD Ready LED Smart Android Based TV,"₹8,399",,,"12,973 Ratings & 1,852 Reviews"
Cellecor 80 cm (32 inch) Full HD LED Smart Android TV,"₹10,999",,,
Haier E-series 165 cm (65 inch) Ultra HD (4K) LED Smart Android TV,"₹99,999",,,7 Ratings & 1 Reviews
LG 123 cm (49 inch) Full HD LED Smart WebOS TV,"₹77,900",,,80 Ratings & 22 Reviews
LG 139.7 cm (55 inch) OLED Ultra HD (4K) Smart TV,"₹1,41,483",,,7 Ratings & 2 Reviews
LG 165.1 cm (65 inch) Ultra HD (8K) LED Smart WebOS TV,"₹1,89,990",,,
Cellecor 80 cm (32 inch) HD Ready LED TV,"₹8,399",,,
Cellecor 80 cm (32 inch) Full HD LED Smart Android TV,"₹10,999",,,14 Ratings & 0 Reviews
,,,,
,,,,
LG 109.22 cm (43 inch) Ultra HD (4K) LED Smart WebOS TV,"₹45,000",,,
TCL P725 164 cm (65 inch) Ultra HD (4K) LED Smart Android TV,"₹62,990",,,76 Ratings & 4 Reviews
Mi 5A 80 cm (32 inch) HD Ready LED Smart Android TV with Dolby Audio (2022 Model),"₹13,999",,,"3,23,119 Ratings & 30,714 Reviews"
Adsun 60 cm (24 inch) HD Ready LED TV,"₹5,499",,,"12,973 Ratings & 1,852 Reviews"
LG 164 cm (65 inch) Ultra HD (4K) LED Smart TV,"₹87,490",,,
Elista 80 cm (32 inch) HD Ready LED Smart Android Based TV,"₹13,999",,,
LG LM63 80 cm (32 inch) HD Ready LED Smart WebOS TV,"₹23,999",,,874 Ratings & 124 Reviews
BPL 109.22 cm (43 inch) HD Ready LED Smart TV,"₹31,868",,,
Adsun 80 cm (32 inch) HD Ready LED Smart Android Based TV,"₹8,264",,,"12,973 Ratings & 1,852 Reviews"
Adsun Smart Series 60 cm (24 inch) HD Ready LED Smart Android Based TV,"₹6,649",,,"12,973 Ratings & 1,852 Reviews"
Coocaa 108 cm (43 inch) Full HD LED Smart Android TV with HDR 10 Dolby Audio and Eye Care Technology,"₹17,999",,,607 Ratings & 140 Reviews
Hisense A6H 139 cm (55 inch) Ultra HD (4K) LED Smart Google TV,"₹41,990",,,6 Ratings & 0 Reviews
Cellecor 80 cm (32 inch) Full HD LED Smart Android TV,"₹9,599",,,
Adsun Frameless 80 cm (32 inch) HD Ready LED Smart Android Based TV,"₹8,399",,,"12,973 Ratings & 1,852 Reviews"
LG 165.1 cm (65 inch) OLED Ultra HD (4K) Smart TV,"₹1,82,043",,,
Panasonic 81.28 cm (32 inch) HD Ready LED TV,"₹17,400",,,
TRUSENSE TS 3200 80 cm (32 inch) Full HD LED Smart Android TV,"₹12,450",,,
LG 177.8 cm (70 inch) Ultra HD (4K) LED Smart WebOS TV,"₹90,480",,,4 Ratings & 1 Reviews
Cellecor 80 cm (32 inch) Full HD LED Smart Android TV,"₹10,999",,,
Adsun 80 cm (32 inch) HD Ready LED TV,"₹7,299",,,"12,973 Ratings & 1,852 Reviews"
Infinix X1 80 cm (32 inch) HD Ready LED Smart Android TV with Eye Care Technology,"₹15,999",,,"14,549 Ratings & 2,179 Reviews"
Thomson 9R Series 126 cm (50 inch) Ultra HD (4K) LED Smart Android TV,"₹29,999",,,"13,915 Ratings & 3,261 Reviews"
Cellecor 80 cm (32 inch) HD Ready LED TV,"₹8,399",,,
Cellecor 80 cm (32 inch) Full HD LED Smart Android TV,"₹10,999",,,14 Ratings & 0 Reviews
,,,,
,,,,
Vu 139 cm (55 inch) Ultra HD (4K) LED Smart WebOS TV with 3 Years warranty 2022 model,"₹39,990",,,46 Ratings & 5 Reviews
iMEE Premium 80 cm (32 inch) HD Ready LED Smart Android TV with with SRS Surround Sound (BEE 5 Star),"₹9,404",,,17 Ratings & 2 Reviews
Hyundai 80 cm (32 inch) HD Ready LED Smart WebOS TV,"₹13,490",,,21 Ratings & 6 Reviews
Haier 109 cm (43 inch) Full HD LED Smart Android TV,"₹32,399",,,29 Ratings & 4 Reviews
Mi 5A 80 cm (32 inch) HD Ready LED Smart Android TV with Dolby Audio (2022 Model),"₹13,999",,,"3,23,119 Ratings & 30,714 Reviews"
Adsun Smart Series 60 cm (24 inch) HD Ready LED Smart Android Based TV,"₹6,649",,,"12,973 Ratings & 1,852 Reviews"
SAMSUNG QN90BAKL 125 cm (50 inch) QLED Ultra HD (4K) Smart Tizen TV,"₹94,200",,,
SAMSUNG 189 cm (75 inch) Ultra HD (4K) LED Smart TV,"₹1,54,990",,,
Adsun 60 cm (24 inch) HD Ready LED TV,"₹5,499",,,"12,973 Ratings & 1,852 Reviews"
Adsun 80 cm (32 inch) HD Ready LED TV,"₹7,299",,,"12,973 Ratings & 1,852 Reviews"
LumX Border Less 109 cm (43 inch) Full HD LED Smart Android TV,"₹46,900",,,222 Ratings & 20 Reviews
Vu Premium 164 cm (65 inch) Ultra HD (4K) LED Smart Android TV,"₹53,990",,,"24,291 Ratings & 3,809 Reviews"
Lloyd 80 cm (32 inch) HD Ready LED Smart TV,"₹17,990",,,
SAMSUNG 108 cm (43 inch) Ultra HD (4K) LED Smart Tizen TV,"₹33,000",,,451 Ratings & 48 Reviews
Cellecor 80 cm (32 inch) Full HD LED Smart Android TV,"₹9,599",,,
Adsun 80 cm (32 inch) HD Ready LED Smart Android Based TV,"₹8,264",,,"12,973 Ratings & 1,852 Reviews"
Candes 108 cm (43 inch) Ultra HD (4K) LED Smart Android TV,"₹19,690",,,46 Ratings & 7 Reviews
LEEMA 80 cm (32 inch) HD Ready LED Smart TV,"₹9,990",,,
Adsun Frameless 80 cm (32 inch) HD Ready LED Smart Android Based TV,"₹8,399",,,"12,973 Ratings & 1,852 Reviews"
Cellecor 80 cm (32 inch) Full HD LED Smart Android TV,"₹10,999",,,
NVY 109 cm (43 inch) Full HD LED Smart Android Based TV,"₹18,990",,,
iMEE Elite 80 cm (32 inch) HD Ready LED Smart Android TV with with SRS Surround Sound (BEE 5 Star),"₹9,879",,,6 Ratings & 0 Reviews
Candes 108 cm (43 inch) Full HD LED Smart Android TV 2021 Edition,"₹16,990",,,"1,223 Ratings & 246 Reviews"
ndgo 60 cm (24 inch) HD Ready LCD Smart TV,"₹10,499",,,
,,,,
,,,,
Mi 5A 80 cm (32 inch) HD Ready LED Smart Android TV with Dolby Audio (2022 Model),"₹13,999",,,"3,23,119 Ratings & 30,714 Reviews"
Adsun 80 cm (32 inch) HD Ready LED Smart Android Based TV,"₹8,264",,,"12,973 Ratings & 1,852 Reviews"
Hyundai 126 cm (50 inch) Ultra HD (4K) LED Smart Android Based TV,"₹30,990",,,8 Ratings & 3 Reviews
LumX 24ZA442 60 cm (24 inch) HD Ready LED TV,"₹16,890",,,95 Ratings & 7 Reviews
Adsun Smart Series 60 cm (24 inch) HD Ready LED Smart Android Based TV,"₹6,649",,,"12,973 Ratings & 1,852 Reviews"
Adsun 80 cm (32 inch) HD Ready LED TV,"₹7,299",,,"12,973 Ratings & 1,852 Reviews"
TCL P635 108 cm (43 inch) Ultra HD (4K) LED Smart Google TV with Dolby Audio,"₹31,490",,,
iMEE Elite 80 cm (32 inch) HD Ready LED Smart Android TV with with SRS Surround Sound (BEE 5 Star),"₹9,879",,,6 Ratings & 0 Reviews
NVY 61 cm (24 inch) HD Ready LED TV,"₹6,990",,,
Sansui 165 cm (65 inch) Ultra HD (4K) LED Smart TV,"₹55,999",,,
Adsun 60 cm (24 inch) HD Ready LED TV,"₹5,499",,,"12,973 Ratings & 1,852 Reviews"
Cellecor 80 cm (32 inch) Full HD LED Smart Android TV,"₹9,599",,,
HUIDI 60 cm (24 inch) HD Ready LED TV,"₹5,499",,,"6,052 Ratings & 702 Reviews"
SAMSUNG 138 cm (55 inch) QLED Ultra HD (4K) Smart Tizen TV,"₹97,999",,,
Adsun Frameless 80 cm (32 inch) HD Ready LED Smart Android Based TV,"₹8,399",,,"12,973 Ratings & 1,852 Reviews"
Cellecor 80 cm (32 inch) Full HD LED Smart Android TV,"₹10,999",,,
ndgo 80 cm (32 inch) Ultra HD (4K) LED Smart TV,"₹15,499",,,
Lloyd 140 cm (55 inch) Ultra HD (4K) LED Smart Android TV,"₹51,990",,,
Panasonic 139 cm (55 inch) Ultra HD (4K) LED Smart Android TV,"₹63,411",,,
Hyundai 109 cm (43 inch) Full HD LED Smart Android Based TV,"₹22,999",,,3 Ratings & 1 Reviews
Cellecor 80 cm (32 inch) HD Ready LED TV,"₹8,399",,,
Cellecor 80 cm (32 inch) Full HD LED Smart Android TV,"₹10,999",,,14 Ratings & 0 Reviews
iMEE Premium 80 cm (32 inch) HD Ready LED Smart Android TV with with SRS Surround Sound (BEE 5 Star),"₹9,404",,,17 Ratings & 2 Reviews
SNS 80 cm (32 inch) HD Ready LED Smart Android Based TV,"₹11,990",,,
,,,,
,,,,
Mi 5A 80 cm (32 inch) HD Ready LED Smart Android TV with Dolby Audio (2022 Model),"₹13,999",,,"3,23,119 Ratings & 30,714 Reviews"
Adsun 60 cm (24 inch) HD Ready LED TV,"₹5,499",,,"12,973 Ratings & 1,852 Reviews"
LG 139.7 cm (55 inch) Ultra HD (4K) LED Smart TV,"₹68,490",,,4 Ratings & 0 Reviews
HARD ROCK 108 cm (43 inch) Full HD LED Smart Android Based TV,"₹20,690",,,
LG 123 cm (49 inch) Ultra HD (4K) LED Smart WebOS TV,"₹80,990",,,125 Ratings & 23 Reviews
Thomson 9R Series 108 cm (43 inch) Ultra HD (4K) LED Smart Android TV,"₹24,999",,,"13,915 Ratings & 3,261 Reviews"
Adsun 80 cm (32 inch) HD Ready LED Smart Android Based TV,"₹8,264",,,"12,973 Ratings & 1,852 Reviews"
Adsun 80 cm (32 inch) HD Ready LED TV,"₹7,299",,,"12,973 Ratings & 1,852 Reviews"
PHILIPS 6800 Series 108 cm (43 inch) Full HD LED Smart Linux based TV,"₹26,800",,,111 Ratings & 17 Reviews
SAMSUNG 139 cm (55 inch) QLED Ultra HD (4K) Smart Tizen TV,"₹1,34,990",,,
Adsun Frameless 80 cm (32 inch) HD Ready LED Smart Android Based TV,"₹8,399",,,"12,973 Ratings & 1,852 Reviews"
Cellecor 80 cm (32 inch) Full HD LED Smart Android TV,"₹9,599",,,
Bolld 80 cm (32 inch) HD Ready LED Smart Android Based TV,"₹11,190",,,
LEEMA 109 cm (43 inch) HD Ready LED Smart TV,"₹19,490",,,
ndgo 60 cm (24 inch) HD Ready LED TV,"₹9,999",,,
LEEMA 109 cm (43 inch) HD Ready LED Smart TV,"₹19,490",,,
Adsun Smart Series 60 cm (24 inch) HD Ready LED Smart Android Based TV,"₹6,649",,,"12,973 Ratings & 1,852 Reviews"
Cellecor 80 cm (32 inch) Full HD LED Smart Android TV,"₹10,999",,,
Hisense A71F 108 cm (43 inch) Ultra HD (4K) LED Smart Android TV with Dolby Vision & ATMOS,"₹27,990",,,"2,969 Ratings & 601 Reviews"
JVC 108 cm (43 inch) Full HD LED Smart Android Based TV 2022 Edition,"₹23,740",,,
Cellecor 80 cm (32 inch) HD Ready LED TV,"₹8,399",,,
Cellecor 80 cm (32 inch) Full HD LED Smart Android TV,"₹10,999",,,14 Ratings & 0 Reviews
Haier Google Certified Android 9.0 105 cm (42 inch) Full HD LED Smart Android TV,"₹28,000",,,14 Ratings & 0 Reviews
Panasonic 165 cm (65 inch) Ultra HD (4K) LED Smart Android TV,"₹1,05,869",,,
,,,,
,,,,
SAMSUNG QN95BAKL 138 cm (55 inch) QLED Ultra HD (4K) Smart Tizen TV,"₹1,92,999",,,
SAMSUNG The Serif Series 108 cm (43 inch) QLED Ultra HD (4K) Smart Tizen TV,"₹59,990",,,40 Ratings & 3 Reviews
Mi 5A 80 cm (32 inch) HD Ready LED Smart Android TV with Dolby Audio (2022 Model),"₹13,999",,,"3,23,119 Ratings & 30,714 Reviews"
Adsun Smart Series 60 cm (24 inch) HD Ready LED Smart Android Based TV,"₹6,649",,,"12,973 Ratings & 1,852 Reviews"
HUIDI 80 cm (32 inch) HD Ready LED Smart Android Based TV,"₹8,499",,,"6,052 Ratings & 702 Reviews"
Nokia 109 cm (43 inch) Full HD LED Smart Android TV with Sound by Onkyo and Dolby Atmos,"₹28,999",,,"17,833 Ratings & 3,097 Reviews"
Adsun 60 cm (24 inch) HD Ready LED TV,"₹5,499",,,"12,973 Ratings & 1,852 Reviews"
Adsun 80 cm (32 inch) HD Ready LED Smart Android Based TV,"₹8,264",,,"12,973 Ratings & 1,852 Reviews"
Panasonic 109 cm (43 inch) Ultra HD (4K) LED Smart Android TV,"₹41,390",,,
JVC Ultra Luminious Series 80 cm (32 inch) HD Ready LED TV,"₹18,999",,,50 Ratings & 5 Reviews
BPL 80 cm (32 inch) HD Ready LED Smart TV,"₹15,390",,,
TCL S6500 Series 79.97 cm (32 inch) HD Ready LED Smart Android TV,"₹17,990",,,"1,646 Ratings & 160 Reviews"
Cellecor 80 cm (32 inch) Full HD LED Smart Android TV,"₹9,599",,,
Adsun Frameless 80 cm (32 inch) HD Ready LED Smart Android Based TV,"₹8,399",,,"12,973 Ratings & 1,852 Reviews"
Vu Masterpiece 215 cm (85 inch) QLED Ultra HD (4K) Smart Android TV,"₹2,59,999",,,22 Ratings & 6 Reviews
BPL 139.7 cm (55 inch) Ultra HD (4K) LED Smart Android TV,"₹36,995",,,
Cellecor 80 cm (32 inch) Full HD LED Smart Android TV,"₹10,999",,,
Adsun 80 cm (32 inch) HD Ready LED TV,"₹7,299",,,"12,973 Ratings & 1,852 Reviews"
RGL 127 cm (50 inch) Full HD LED Smart Android Based TV,"₹35,990",,,"2,085 Ratings & 329 Reviews"
RGL 60 cm (24 inch) HD Ready LED HomeOS TV,"₹9,490",,,821 Ratings & 110 Reviews
ndgo 139 cm (55 inch) Ultra HD (4K) LED Smart TV,"₹42,999",,,
ndgo 139 cm (55 inch) Ultra HD (4K) LED Smart TV,"₹39,999",,,
Cellecor 80 cm (32 inch) HD Ready LED TV,"₹8,399",,,
Dyanora Sigma 108 cm (43 inch) Full HD LED Smart Linux TV with 40 Watt Box Speakers & Bezel-Less Desig...,"₹14,499",,,51 Ratings & 7 Reviews
,,,,
,,,,
LG 189 cm (75 inch) Ultra HD (4K) LED Smart WebOS TV,"₹1,89,999",,,4 Ratings & 1 Reviews
SAMSUNG 152.4 cm (60 inch) Ultra HD (4K) LED Smart Tizen TV,"₹82,677",,,
Adsun 60 cm (24 inch) HD Ready LED TV,"₹5,499",,,"12,973 Ratings & 1,852 Reviews"
Adsun 80 cm (32 inch) HD Ready LED Smart Android Based TV,"₹8,264",,,"12,973 Ratings & 1,852 Reviews"
Panasonic 139 cm (55 inch) Ultra HD (4K) LED Smart TV,"₹62,999",,,
Foxsky 80 cm (32 inch) Full HD LED Smart Android TV,"₹9,199",,,
sun king 80.01 cm (32 inch) HD Ready LED TV,"₹28,499",,,
Haier 126 cm (50 inch) Ultra HD (4K) LED Smart TV,"₹39,990",,,
Adsun 80 cm (32 inch) HD Ready LED TV,"₹7,299",,,"12,973 Ratings & 1,852 Reviews"
Mi 5A 80 cm (32 inch) HD Ready LED Smart Android TV with Dolby Audio (2022 Model),"₹13,999",,,"3,23,119 Ratings & 30,714 Reviews"
RGL 60 cm (24 inch) Full HD LED HomeOS TV,"₹9,990",,,"2,085 Ratings & 329 Reviews"
CORNEA Bezelless 110 cm (43 inch) Full HD LED Smart Android TV,"₹19,990",,,
Adsun Frameless 80 cm (32 inch) HD Ready LED Smart Android Based TV,"₹8,399",,,"12,973 Ratings & 1,852 Reviews"
Adsun Smart Series 60 cm (24 inch) HD Ready LED Smart Android Based TV,"₹6,649",,,"12,973 Ratings & 1,852 Reviews"
Akai 98 cm (40 inch) HD Ready LED Smart TV,"₹22,900",,,
smart s tech 101.6 cm (40 inch) Ultra HD (4K) LED Smart TV,"₹17,999",,,
iMEE Signature 165 cm (65 inch) Ultra HD (4K) LED Smart Android TV,"₹64,999",,,
iMEE ElitePro 109 cm (43 inch) Full HD LED Smart Android TV,"₹20,999",,,
"Dyanora 80 cm (32 inch) HD Ready LED TV with Noise Reduction, Cinema Zoom, Powerful Audio Box Speakers","₹7,399",,,"3,616 Ratings & 468 Reviews"
"Dyanora 60 cm (24 inch) HD Ready LED Smart Android Based TV with Noise Reduction, Android 9.0, Powerfu...","₹6,599",,,"3,616 Ratings & 468 Reviews"
CORNEA Bezelless 165 cm (65 inch) Ultra HD (4K) LED Smart Android TV,"₹57,999",,,
InnoQ Super Smart 100 cm (40 inch) Full HD LED Smart Android Based TV,"₹19,990",,,
"Dyanora 80 cm (32 inch) HD Ready LED Smart Android TV with Noise Reduction, Android 9.0, Powerful Audi...","₹8,699",,,"3,616 Ratings & 468 Reviews"
Cellecor 80 cm (32 inch) Full HD LED Smart Android TV,"₹10,999",,,14 Ratings & 0 Reviews
,,,,
,,,,
"Dyanora 100 cm (40 inch) HD Ready LED Smart Android Based TV with Noise Reduction,Android 9.0,Google V...","₹13,899",,,"3,616 Ratings & 468 Reviews"
"Dyanora 80 cm (32 inch) HD Ready LED TV with Noise Reduction, Cinema Zoom, Powerful Audio Box Speakers","₹7,399",,,"3,616 Ratings & 468 Reviews"
"Dyanora 108 cm (43 inch) Full HD LED Smart Android Based TV with Noise Reduction, Android 9.0, Google ...","₹15,999",,,"3,616 Ratings & 468 Reviews"
Candes 101 cm (40 inch) Full HD LED Smart Android TV,"₹14,790",,,"1,223 Ratings & 246 Reviews"
Mi 5A 80 cm (32 inch) HD Ready LED Smart Android TV with Dolby Audio (2022 Model),"₹13,999",,,"3,23,119 Ratings & 30,714 Reviews"
Adsun 80 cm (32 inch) HD Ready LED Smart Android Based TV,"₹8,264",,,"12,973 Ratings & 1,852 Reviews"
SAMSUNG 80 cm (32 inch) HD Ready LED Smart Tizen TV with Voice Search,"₹15,990",,,15 Ratings & 2 Reviews
Candes 60 cm (24 inch) HD Ready LED Smart Android TV,"₹7,390",,,"1,223 Ratings & 246 Reviews"
Adsun 60 cm (24 inch) HD Ready LED TV,"₹5,499",,,"12,973 Ratings & 1,852 Reviews"
Adsun Frameless 80 cm (32 inch) HD Ready LED Smart Android Based TV,"₹8,399",,,"12,973 Ratings & 1,852 Reviews"
InnoQ Frameless 80 cm (32 inch) HD Ready LED Smart Android Based TV with With Pixel Boost Engine & Thu...,"₹8,240",,,"2,529 Ratings & 395 Reviews"
PHILIPS 6600 Series 146 cm (58 inch) Ultra HD (4K) LED Smart Linux based TV,"₹41,999",,,778 Ratings & 97 Reviews
SAMSUNG 139 cm (55 inch) Ultra HD (4K) LED Smart Tizen TV,"₹48,590",,,4 Ratings & 0 Reviews
InnoQ Frameless 109 cm (43 inch) Full HD LED Smart Android Based TV with With Pixel Boost Engine & Thu...,"₹15,490",,,"2,529 Ratings & 395 Reviews"
Adsun 80 cm (32 inch) HD Ready LED TV,"₹7,299",,,"12,973 Ratings & 1,852 Reviews"
Cellecor 80 cm (32 inch) Full HD LED Smart Android TV,"₹9,599",,,
Lloyd 80 cm (32 inch) HD Ready LED Smart Android TV,"₹15,999",,,4 Ratings & 0 Reviews
Haier 127 cm (50 inch) Ultra HD (4K) LED Smart Android TV,"₹35,990",,,96 Ratings & 15 Reviews
Adsun Smart Series 60 cm (24 inch) HD Ready LED Smart Android Based TV,"₹6,649",,,"12,973 Ratings & 1,852 Reviews"
Cellecor 80 cm (32 inch) Full HD LED Smart Android TV,"₹10,999",,,
XElectron Android 11 80 cm (32 inch) HD Ready LED Smart Android TV,"₹8,540",,,
Yuwa 24 HD 60 cm (24 inch) HD Ready LED TV,"₹4,939",,,71 Ratings & 5 Reviews
InnoQ Super Smart 60 cm (24 inch) HD Ready LED Smart Android Based TV,"₹6,690",,,9 Ratings & 2 Reviews
Lloyd 127 cm (50 inch) Ultra HD (4K) LED Smart Android TV,"₹42,990",,,
,,,,
Mi 5A 80 cm (32 inch) HD Ready LED Smart Android TV with Dolby Audio (2022 Model),"₹13,999",,,"3,23,119 Ratings & 30,714 Reviews"
Adsun Smart Series 60 cm (24 inch) HD Ready LED Smart Android Based TV,"₹6,649",,,"12,973 Ratings & 1,852 Reviews"
KODAK CA Series 189 cm (75 inch) Ultra HD (4K) LED Smart Android TV with Dolby Digital Plus & DTS TruS...,"₹87,999",,,"19,336 Ratings & 5,756 Reviews"
"Dyanora 127 cm (50 inch) Ultra HD (4K) LED Smart Android Based TV with Noise Reduction, Android 9.0, G...","₹25,999",,,"3,616 Ratings & 468 Reviews"
Adsun 80 cm (32 inch) HD Ready LED Smart Android Based TV,"₹8,264",,,"12,973 Ratings & 1,852 Reviews"
Cellecor 80 cm (32 inch) Full HD LED Smart Android TV,"₹9,599",,,
Salora 140 cm (55 inch) Ultra HD (4K) LED Smart WebOS TV,"₹36,999",,,
LG 24LP520V 59.9 cm (24 inch) Full HD LED TV,"₹12,327",,,15 Ratings & 2 Reviews
Lloyd 108 cm (43 inch) Full HD LED Smart TV,"₹26,999",,,
T-Series 80 cm (32 inch) HD Ready 3D LED Smart Android TV,"₹11,490",,,
Adsun Frameless 80 cm (32 inch) HD Ready LED Smart Android Based TV,"₹8,399",,,"12,973 Ratings & 1,852 Reviews"
Cellecor 80 cm (32 inch) Full HD LED Smart Android TV,"₹10,999",,,
Cellecor 60 cm (24 inch) HD Ready LED TV,"₹6,399",,,
TCL P735 164 cm (65 inch) Ultra HD (4K) LED Smart Google TV with 2 years warranty,"₹64,990",,,
Adsun 60 cm (24 inch) HD Ready LED TV,"₹5,499",,,"12,973 Ratings & 1,852 Reviews"
Cellecor 80 cm (32 inch) HD Ready LED TV,"₹8,399",,,
smart s tech 17inch led tv 43.18 cm (17 inch) Full HD LED TV,"₹4,799",,,
Haier 80 cm (32 inch) HD Ready LED Android TV,"₹15,605",,,11 Ratings & 0 Reviews
Akai 80 cm (32 inch) HD Ready LED Smart Android TV,"₹11,699",,,
iFFALCON by TCL H82 139 cm (55 inch) QLED Ultra HD (4K) Smart Android TV With Android 11 (Graphite Gre...,"₹85,999",,,
Adsun 80 cm (32 inch) HD Ready LED TV,"₹7,299",,,"12,973 Ratings & 1,852 Reviews"
Cellecor 80 cm (32 inch) Full HD LED Smart Android TV,"₹10,999",,,14 Ratings & 0 Reviews
Panasonic 32LS550DX 80 cm (32 inch) HD Ready LED Smart TV 2020 Edition with Netflix/Amazon Prime/Youtu...,"₹15,990",,,
Lloyd 109 cm (43 inch) Ultra HD (4K) LED Smart TV,"₹34,790",,,
,,,,
,,,,
Mi 5A 80 cm (32 inch) HD Ready LED Smart Android TV with Dolby Audio (2022 Model),"₹13,999",,,"3,23,119 Ratings & 30,714 Reviews"
Adsun 60 cm (24 inch) HD Ready LED TV,"₹5,499",,,"12,973 Ratings & 1,852 Reviews"
SAMSUNG Q60RAK 123 cm (49 inch) QLED Ultra HD (4K) Smart Tizen TV,"₹59,990",,,44 Ratings & 5 Reviews
Weston 108 cm (43 inch) Full HD LED Smart Android TV,"₹25,490",,,
Weston 80 cm (32 inch) HD Ready LED Smart Android TV,"₹12,990",,,3 Ratings & 0 Reviews
Lloyd 80 cm (32 inch) HD Ready LED TV,"₹13,904",,,
Adsun 80 cm (32 inch) HD Ready LED TV,"₹7,299",,,"12,973 Ratings & 1,852 Reviews"
Adsun Frameless 80 cm (32 inch) HD Ready LED Smart Android Based TV,"₹8,399",,,"12,973 Ratings & 1,852 Reviews"
RGL 80 cm (32 inch) HD Ready LED HomeOS TV,"₹11,990",,,126 Ratings & 10 Reviews
Sharp 81 cm (32 inch) HD Ready LED TV,"₹24,950",,,11 Ratings & 0 Reviews
Cellecor 80 cm (32 inch) Full HD LED Smart Android TV,"₹9,599",,,
Adsun 80 cm (32 inch) HD Ready LED Smart Android Based TV,"₹8,264",,,"12,973 Ratings & 1,852 Reviews"
Lloyd 139.7 cm (55 inch) Ultra HD (4K) LED Smart WebOS TV,"₹48,900",,,
Bush 80 cm (32 inch) HD Ready LED Smart TV,"₹11,500",,,
LG 164 cm (65 inch) Ultra HD (4K) LED Smart WebOS TV,"₹1,02,060",,,3 Ratings & 1 Reviews
Lloyd 80 cm (32 inch) HD Ready LED Smart TV,"₹16,199",,,
Adsun Smart Series 60 cm (24 inch) HD Ready LED Smart Android Based TV,"₹6,649",,,"12,973 Ratings & 1,852 Reviews"
Cellecor 80 cm (32 inch) Full HD LED Smart Android TV,"₹10,999",,,
CORNEA 101 cm (40 inch) Full HD LED Smart Android TV,"₹16,999",,,
Bush 80 cm (32 inch) Full HD LED Smart TV,"₹9,998",,,
Dyanora Sigma 108 cm (43 inch) Full HD LED Smart Linux TV with 40 Watt Box Speakers & Bezel-Less Desig...,"₹14,499",,,51 Ratings & 7 Reviews
"Dyanora 80 cm (32 inch) HD Ready LED TV with Noise Reduction, Cinema Zoom, Powerful Audio Box Speakers","₹7,399",,,"3,616 Ratings & 468 Reviews"
Weston 98 cm (40 inch) HD Ready LED Smart Android TV,"₹18,990",,,
iMEE Premium 102 cm (40 inch) HD Ready LED Smart Android TV with with SRS Surround Sound (BEE 5 Star),"₹15,999",,,
,,,,
,,,,
smart s tech 127 cm (50 inch) Ultra HD (4K) LED Smart TV,"₹27,498",,,
"smart s tech 9A 81.28 cm (32 inch) HD Ready 3D, Curved LED Smart Android TV 2022 Edition","₹12,299",,,
Mi 5A 80 cm (32 inch) HD Ready LED Smart Android TV with Dolby Audio (2022 Model),"₹13,999",,,"3,23,119 Ratings & 30,714 Reviews"
Adsun Smart Series 60 cm (24 inch) HD Ready LED Smart Android Based TV,"₹6,649",,,"12,973 Ratings & 1,852 Reviews"
iMEE Elite 108 cm (43 inch) HD Ready LED Smart Android TV with with SRS Surround Sound (BEE 5 Star),"₹20,999",,,
RGL 99 cm (39 inch) Full HD LED Smart Android Based TV,"₹15,990",,,7 Ratings & 0 Reviews
Adsun 80 cm (32 inch) HD Ready LED Smart Android Based TV,"₹8,264",,,"12,973 Ratings & 1,852 Reviews"
Adsun 60 cm (24 inch) HD Ready LED TV,"₹5,499",,,"12,973 Ratings & 1,852 Reviews"
smart s tech 9A 81.28 cm (32 inch) HD Ready Curved LED Smart Android TV,"₹11,999",,,
iMEE Premium 102 cm (40 inch) HD Ready LED Smart Android TV with with SRS Surround Sound (BEE 5 Star),"₹15,999",,,
smart s tech 101.6 cm (40 inch) Ultra HD (4K) LED Smart TV,"₹17,899",,,
iMEE Elite 80 cm (32 Inch) HD Ready LED Smart Android TV with with SRS Surround Sound (BEE 5 Star),"₹10,999",,,6 Ratings & 0 Reviews
Adsun 80 cm (32 inch) HD Ready LED TV,"₹7,299",,,"12,973 Ratings & 1,852 Reviews"
Adsun Frameless 80 cm (32 inch) HD Ready LED Smart Android Based TV,"₹8,399",,,"12,973 Ratings & 1,852 Reviews"
RGL 60 cm (24 inch) HD Ready LED TV,"₹9,990",,,164 Ratings & 11 Reviews
iMEE Elite 80 cm (32 inch) HD Ready LED Smart Android TV with with SRS Surround Sound (BEE 5 Star),"₹9,879",,,6 Ratings & 0 Reviews
Cellecor 80 cm (32 inch) Full HD LED Smart Android TV,"₹9,599",,,
Cellecor 80 cm (32 inch) Full HD LED Smart Android TV,"₹10,999",,,
smart s tech 101.6 cm (40 inch) Ultra HD (4K) LED Smart TV,"₹17,998",,,
iMEE Premium 102 cm (40 inch) HD Ready LED Smart Android TV with with SRS Surround Sound (BEE 5 Star),"₹15,999",,,
iMEE Premium 102 cm (40 inch) HD Ready LED Smart Android TV with with SRS Surround Sound (BEE 5 Star),"₹15,999",,,
iMEE Elite 108 cm (43 inch) HD Ready LED Smart Android TV with with SRS Surround Sound (BEE 5 Star),"₹20,999",,,
Cellecor 80 cm (32 inch) HD Ready LED TV,"₹8,399",,,
Cellecor 80 cm (32 inch) Full HD LED Smart Android TV,"₹10,999",,,14 Ratings & 0 Reviews
,,,,
,,,,
JVC 80 cm (32 inch) HD Ready LED Smart Android Based TV,"₹11,992",,,
RGL 80 cm (32 inch) HD Ready LED Smart Android Based TV,"₹12,990",,,10 Ratings & 1 Reviews
Mi 5A 80 cm (32 inch) HD Ready LED Smart Android TV with Dolby Audio (2022 Model),"₹13,999",,,"3,23,119 Ratings & 30,714 Reviews"
Adsun Smart Series 60 cm (24 inch) HD Ready LED Smart Android Based TV,"₹6,649",,,"12,973 Ratings & 1,852 Reviews"
smart s tech 127 cm (50 inch) Ultra HD (4K) LED Smart TV,"₹28,499",,,
smart s tech 127 cm (50 inch) Ultra HD (4K) LED Smart TV,"₹28,499",,,
smart s tech 127 cm (50 inch) Ultra HD (4K) LED Smart TV,"₹27,998",,,
smart s tech 127 cm (50 inch) Ultra HD (4K) LED Smart TV,"₹27,999",,,
Adsun 80 cm (32 inch) HD Ready LED Smart Android Based TV,"₹8,264",,,"12,973 Ratings & 1,852 Reviews"
Adsun 60 cm (24 inch) HD Ready LED TV,"₹5,499",,,"12,973 Ratings & 1,852 Reviews"
smart s tech 127 cm (50 inch) Ultra HD (4K) LED Smart TV,"₹27,999",,,
smart s tech 127 cm (50 inch) Ultra HD (4K) LED Smart Android TV,"₹28,299",,,
Adsun Frameless 80 cm (32 inch) HD Ready LED Smart Android Based TV,"₹8,399",,,"12,973 Ratings & 1,852 Reviews"
Cellecor 80 cm (32 inch) Full HD LED Smart Android TV,"₹9,599",,,
smart s tech 127 cm (50 inch) Ultra HD (4K) LED Smart TV,"₹28,499",,,
smart s tech 127 cm (50 inch) Ultra HD (4K) LED Smart TV,"₹27,299",,,
smart s tech 9A 81.28 cm (32 inch) HD Ready Curved LED Smart Android TV 2022 Edition,"₹12,499",,,
smart s tech 127 cm (50 inch) Ultra HD (4K) LED Smart TV,"₹27,999",,,
Cellecor 80 cm (32 inch) Full HD LED Smart Android TV,"₹10,999",,,
Adsun 80 cm (32 inch) HD Ready LED TV,"₹7,299",,,"12,973 Ratings & 1,852 Reviews"
smart s tech 127 cm (50 inch) Ultra HD (4K) LED Smart TV,"₹27,999",,,
smart s tech 127 cm (50 inch) Ultra HD (4K) LED Smart TV,"₹27,999",,,
Cellecor 80 cm (32 inch) HD Ready LED TV,"₹8,399",,,
Dyanora Sigma 108 cm (43 inch) Full HD LED Smart Linux TV with 40 Watt Box Speakers & Bezel-Less Desig...,"₹14,499",,,51 Ratings & 7 Reviews
,,,,
,,,,
"acer I Series 139 cm (55 inch) Ultra HD (4K) LED Smart Android TV with Android 11, 30W Dolby Audio, ME...","₹35,999",,,809 Ratings & 141 Reviews
TOSHIBA U50 Series 108 cm (43 inch) Ultra HD (4K) LED Smart VIDAA TV with Dolby Vision & ATMOS,"₹19,999",,,"1,209 Ratings & 184 Reviews"
Mi 4A Pro 108 cm (43 inch) Full HD LED Smart Android TV,"₹26,999",,,"3,23,119 Ratings & 30,714 Reviews"
SAMSUNG Neo QLED 125 cm (50 inch) QLED Ultra HD (4K) Smart Tizen TV,"₹84,990",,,169 Ratings & 34 Reviews
Mi 5A 80 cm (32 inch) HD Ready LED Smart Android TV with Dolby Audio (2022 Model),"₹13,999",,,"3,23,119 Ratings & 30,714 Reviews"
Adsun Smart Series 60 cm (24 inch) HD Ready LED Smart Android Based TV,"₹6,649",,,"12,973 Ratings & 1,852 Reviews"
MOTOROLA ZX Pro 127 cm (50 inch) Ultra HD (4K) LED Smart Android TV with Wireless Gamepad,"₹27,999",,,"13,894 Ratings & 2,146 Reviews"
Nokia 140 cm (55 inch) Ultra HD 4K LED Smart Android TV with Sound by JBL and Powered by Harman AudioE...,"₹46,999",,,"3,532 Ratings & 578 Reviews"
Adsun 80 cm (32 inch) HD Ready LED Smart Android Based TV,"₹8,264",,,"12,973 Ratings & 1,852 Reviews"
Adsun 80 cm (32 inch) HD Ready LED TV,"₹7,299",,,"12,973 Ratings & 1,852 Reviews"
"acer I Series 127 cm (50 inch) Ultra HD (4K) LED Smart Android TV with Android 11, 30W Dolby Audio, ME...","₹30,999",,,809 Ratings & 141 Reviews
LG 108 cm (43 inch) Full HD LED Smart TV,"₹58,900",,,203 Ratings & 55 Reviews
iMEE Premium 80 cm (32 inch) HD Ready LED Smart Android TV with with SRS Surround Sound (BEE 5 Star),"₹9,404",,,17 Ratings & 2 Reviews
Nokia 109 cm (43 inch) Ultra HD 4K LED Smart Android TV with Sound by Onkyo and Dolby Atmos,"₹27,999",,,"2,186 Ratings & 353 Reviews"
Adsun Frameless 80 cm (32 inch) HD Ready LED Smart Android Based TV,"₹8,399",,,"12,973 Ratings & 1,852 Reviews"
Cellecor 80 cm (32 inch) Full HD LED Smart Android TV,"₹9,599",,,
Thomson 139 cm (55 inch) QLED Ultra HD (4K) Smart Google TV With Dolby Vision & Dolby Atmos,"₹59,999",,,"1,030 Ratings & 295 Reviews"
Mi 4X 108 cm (43 inch) Ultra HD (4K) LED Smart Android TV,"₹27,999",,,"48,601 Ratings & 4,447 Reviews"
Cellecor 80 cm (32 inch) Full HD LED Smart Android TV,"₹10,999",,,
Adsun 60 cm (24 inch) HD Ready LED TV,"₹5,499",,,"12,973 Ratings & 1,852 Reviews"
SAMSUNG QN800BK 163 cm (65 inch) QLED Ultra HD (8K) Smart Tizen TV,"₹3,21,500",,,
SONY X80AJ 163.9 cm (65 inch) Ultra HD (4K) LED Smart Google TV,"₹89,999",,,25 Ratings & 2 Reviews
Mi 4C 108 cm (43 inch) Full HD LED Smart Android TV with 20W Powerful Audio,"₹19,999",,,"6,246 Ratings & 470 Reviews"
LG 164 cm (65 inch) Ultra HD (4K) LED Smart WebOS TV,"₹83,990",,,
,,,,
Mi 5A 80 cm (32 inch) HD Ready LED Smart Android TV with Dolby Audio (2022 Model),"₹13,999",,,"3,23,119 Ratings & 30,714 Reviews"
Adsun 80 cm (32 inch) HD Ready LED TV,"₹7,299",,,"12,973 Ratings & 1,852 Reviews"
LumX Border Less 80 cm (32 inch) HD Ready LED TV,"₹23,900",,,11 Ratings & 2 Reviews
TCL P615 189 cm (75 inch) Ultra HD (4K) LED Smart Android TV,"₹90,299",,,
Cellecor 80 cm (32 inch) Full HD LED Smart Android TV,"₹9,599",,,
Adsun 80 cm (32 inch) HD Ready LED Smart Android Based TV,"₹8,264",,,"12,973 Ratings & 1,852 Reviews"
TOSHIBA U80 Series 164 cm (65 inch) Ultra HD (4K) LED Smart VIDAA TV with Dolby Vision & ATMOS,"₹99,999",,,
LG 80 cm (32 inch) HD Ready LED TV,"₹18,859",,,205 Ratings & 21 Reviews
SAMSUNG 80 cm (32 inch) HD Ready LED TV,"₹21,900",,,
TCL P715 190 cm (75 inch) Ultra HD (4K) LED Smart Android TV with Full Screen & Handsfree Voice Contro...,"₹1,03,999",,,"1,027 Ratings & 109 Reviews"
Adsun Frameless 80 cm (32 inch) HD Ready LED Smart Android Based TV,"₹8,399",,,"12,973 Ratings & 1,852 Reviews"
Adsun Smart Series 60 cm (24 inch) HD Ready LED Smart Android Based TV,"₹6,649",,,"12,973 Ratings & 1,852 Reviews"
Redmi 108 cm (43 inch) Ultra HD (4K) LED Smart TV,"₹27,110",,,
OnePlus 81.28 cm (32 inch) HD Ready LED Smart TV,"₹23,999",,,
Cellecor 80 cm (32 inch) Full HD LED Smart Android TV,"₹10,999",,,
Adsun 60 cm (24 inch) HD Ready LED TV,"₹5,499",,,"12,973 Ratings & 1,852 Reviews"
LG 165.1 cm (65 inch) OLED Ultra HD (4K) Smart WebOS TV,"₹2,04,389",,,
SONY Bravia 80 cm (32 inch) HD Ready LED Smart Linux based TV,"₹20,302",,,127 Ratings & 22 Reviews
LG 108 cm (43 inch) Ultra HD (4K) LED Smart WebOS TV,"₹47,192",,,327 Ratings & 52 Reviews
SONY Bravia 138.8 cm (55 inch) Ultra HD (4K) LED Smart TV,"₹67,490",,,291 Ratings & 54 Reviews
Cellecor 80 cm (32 inch) HD Ready LED TV,"₹8,399",,,
Dyanora Sigma 108 cm (43 inch) Full HD LED Smart Linux TV with 40 Watt Box Speakers & Bezel-Less Desig...,"₹14,499",,,51 Ratings & 7 Reviews
LG 165.1 cm (65 inch) Ultra HD (4K) LED Smart WebOS TV,"₹93,869",,,
SONY Bravia 80 cm (32 inch) HD Ready LED Smart Linux based TV,"₹27,449",,,"2,043 Ratings & 440 Reviews"
,,,,
Mi 5A 80 cm (32 inch) HD Ready LED Smart Android TV with Dolby Audio (2022 Model),"₹13,999",,,"3,23,119 Ratings & 30,714 Reviews"
Adsun 80 cm (32 inch) HD Ready LED Smart Android Based TV,"₹8,264",,,"12,973 Ratings & 1,852 Reviews"
SONY Bravia 108 cm (43 inch) Ultra HD (4K) LED Smart TV,"₹40,999",,,291 Ratings & 54 Reviews
Daiwa 60 cm (23.6 inch) HD Ready LED TV,"₹9,500",,,86 Ratings & 18 Reviews
LumX 80 cm (32 inch) HD Ready LED TV,"₹20,100",,,
SAMSUNG QN90BAK 216 cm (85 inch) QLED Ultra HD (4K) Smart Tizen TV,"₹5,93,750",,,
Adsun 60 cm (24 inch) HD Ready LED TV,"₹5,499",,,"12,973 Ratings & 1,852 Reviews"
Adsun 80 cm (32 inch) HD Ready LED TV,"₹7,299",,,"12,973 Ratings & 1,852 Reviews"
Thomson 9R Series 139 cm (55 inch) Ultra HD (4K) LED Smart Android TV,"₹30,999",,,"13,915 Ratings & 3,261 Reviews"
LG 165.1 cm (65 inch) Ultra HD (4K) LED Smart WebOS TV,"₹83,859",,,
Cellecor 80 cm (32 inch) Full HD LED Smart Android TV,"₹9,599",,,
Adsun Frameless 80 cm (32 inch) HD Ready LED Smart Android Based TV,"₹8,399",,,"12,973 Ratings & 1,852 Reviews"
Vu Premium 108 cm (43 inch) Full HD LED Smart Android TV,"₹22,999",,,"1,931 Ratings & 208 Reviews"
SAMSUNG 55 cm (22 inch) Full HD LED TV,"₹13,898",,,"3,044 Ratings & 493 Reviews"
Dektron 55 cm (22 inch) HD Ready LED TV,"₹6,999",,,
acer P Series 105 cm (42 inch) Full HD LED Smart Android TV,"₹21,999",,,"1,758 Ratings & 271 Reviews"
Adsun Smart Series 60 cm (24 inch) HD Ready LED Smart Android Based TV,"₹6,649",,,"12,973 Ratings & 1,852 Reviews"
Cellecor 80 cm (32 inch) Full HD LED Smart Android TV,"₹10,999",,,
LG 80 cm (32 inch) HD Ready LED Smart WebOS TV,"₹27,999",,,267 Ratings & 39 Reviews
SAMSUNG QN90BAK 189 cm (75 inch) QLED Ultra HD (4K) Smart Tizen TV,"₹4,04,690",,,
Cellecor 80 cm (32 inch) HD Ready LED TV,"₹8,399",,,
Cellecor 80 cm (32 inch) Full HD LED Smart Android TV,"₹10,999",,,14 Ratings & 0 Reviews
SAMSUNG QN700BK 163 cm (65 inch) QLED Ultra HD (8K) Smart Tizen TV,"₹3,27,655",,,
TOSHIBA V35KP 108 cm (43 inch) Full HD LED Smart Android TV with DTS Virtual X (2022 Model),"₹22,990",,,"1,089 Ratings & 218 Reviews"
,,,,
,,,,
